Order ID,Order Priority,Order Quantity,Discount,Ship Mode,Customer Name,State,Region,Product Category,Sales,Unit Price,Shipping Cost,Profit
13729,,9,0.08,Express Air,Matt Collister,Maryland,East,Office Supplies,872.48,95.99,35,-342.91
28774,High,32,0.1,Regular Air,Jessica Myrick,Pennsylvania,East,Office Supplies,180.36,5.98,4.69,-111.8
9285,Critical,3,0.06,Regular Air,David Philippe,Minnesota,Central,Office Supplies,124.81,40.98,2.99,-11.94
37537,Low,4,0,Delivery Truck,Alan Schoenberger,California,West,Furniture,1239.06,291.73,48.8,-193.08
37537,Low,43,0.07,Delivery Truck,Alan Schoenberger,California,West,Furniture,4083.19,100.98,45,-1049.85
37537,Low,32,0.05,Regular Air,Alan Schoenberger,California,West,Office Supplies,4902.38,155.06,7.07,1438.49
44069,Critical,16,0.09,Express Air,Elizabeth Moffitt,California,West,Office Supplies,137.63,9.11,2.15,26.71
44069,Critical,43,0.08,Regular Air,Elizabeth Moffitt,California,West,Office Supplies,614.8,15.04,1.97,247.79
7909,High,29,0.03,Regular Air,Alex Russell,Oregon,West,Office Supplies,122.23,4.26,1.2,24.55
9637,Low,12,0.08,Regular Air,Andy Reiter,Louisiana,South,Technology,522.49,43.22,16.71,-236.43
9637,Low,49,0.05,Regular Air,Andy Reiter,Louisiana,South,Technology,28359.4,574.74,24.49,14440.39
9637,Low,12,0.04,Regular Air,Andy Reiter,Louisiana,South,Office Supplies,123.76,10.14,2.27,32.44
9762,High,12,0.05,Regular Air,Larry Tron,Utah,West,Furniture,262.76,20.98,21.2,-146.05
11972,,4,0,Delivery Truck,Ann Steele,Utah,West,Technology,896.49,213.45,14.7,-452.27
30016,Critical,15,0.03,Regular Air,Bill Donatelli,Nebraska,Central,Office Supplies,85.56,5.28,5.66,-41.58
30016,Critical,8,0.01,Regular Air,Bill Donatelli,Nebraska,Central,Technology,754.6555,110.99,2.5,-212.55
40354,High,29,0.03,Regular Air,Patrick Jones,Alabama,South,Office Supplies,172.51,5.58,2.99,12.55
40354,High,4,0.09,Delivery Truck,Patrick Jones,Alabama,South,Furniture,698,212.6,52.2,-93.16
8710,Critical,17,0.03,Regular Air,Tamara Dahlen,Texas,Central,Office Supplies,63.34,3.36,6.27,-76.02
8710,Critical,42,0.07,Express Air,Tamara Dahlen,Texas,Central,Office Supplies,151.35,3.71,1.93,8.33
49730,High,3,0.06,Delivery Truck,Dave Hallsten,Texas,Central,Furniture,1039.56,350.98,30,-394.69
290,,24,0.05,Regular Air,Dorris Love,New York,East,Office Supplies,188.73,7.64,5.83,-32.48
1028,High,6,0.03,Regular Air,Matt Collins,Iowa,Central,Technology,165.75,28.48,1.99,-28.46
1028,High,11,0.01,Regular Air,Matt Collins,Iowa,Central,Technology,2021.147,205.99,5.99,-60.39
25601,Medium,43,0.09,Regular Air,Valerie Dominguez,Florida,South,Office Supplies,257.41,5.98,4.69,-131.08
28451,Critical,21,0.01,Regular Air,Pauline Chand,Oklahoma,Central,Furniture,4201.08,194.3,11.54,1162.76
28451,Critical,41,0.02,Regular Air,Pauline Chand,Oklahoma,Central,Furniture,8958.46,209.84,21.21,2593.14
28451,Critical,33,0,Delivery Truck,Pauline Chand,Oklahoma,Central,Technology,4913.7,145.45,17.85,1054.93
32418,,5,0.08,Delivery Truck,Marina Lichtenstein,Iowa,Central,Furniture,1244.19,243.98,43.32,-131.31
52386,High,6,0.08,Delivery Truck,Susan Vittorini,Illinois,Central,Technology,700.73,120.97,26.3,-188.58
57253,Critical,43,0.08,Regular Air,Darren Budd,Texas,Central,Furniture,78.08,1.81,0.75,1.74
57253,Critical,29,0.06,Delivery Truck,Darren Budd,Texas,Central,Furniture,653.54,20.98,53.03,-1358.9
57253,Critical,48,0.07,Regular Air,Darren Budd,Texas,Central,Furniture,12635.75,279.48,35,-335.24
57253,Critical,49,0.08,Regular Air,Darren Budd,Texas,Central,Furniture,240.3,4.91,5.68,-139.16
57253,Critical,25,0.04,Regular Air,Darren Budd,Texas,Central,Technology,2750.107,125.99,5.26,667.45
59232,High,23,0,Regular Air,Robert Waldorf,Louisiana,South,Office Supplies,725.43,30.98,5.76,245.97
6854,Medium,1,0.07,Express Air,Victor Price,Florida,South,Office Supplies,22.13,7.68,6.16,-2.39
6854,Medium,19,0.05,Express Air,Victor Price,Florida,South,Furniture,129.84,6.64,4.95,2.39
14274,,23,0.01,Delivery Truck,Craig Leslie,South Carolina,South,Furniture,3674.08,150.98,30,112.44
14274,,46,0.01,Express Air,Craig Leslie,South Carolina,South,Office Supplies,1413.89,28.28,13.99,-40.72
14274,,2,0.03,Regular Air,Craig Leslie,South Carolina,South,Technology,61.7185,35.99,1.1,-164.04
16770,Critical,17,0.03,Regular Air,Muhammed Yedwab,Virginia,South,Office Supplies,37.06,2.1,0.7,0.61
16961,,27,0.06,Regular Air,Tracy Collins,Virginia,South,Technology,46.86,1.7,1.99,-37.08
16961,,34,0.01,Regular Air,Tracy Collins,Virginia,South,Office Supplies,1089.59,30.98,5.09,433.24
23488,High,29,0.03,Regular Air,Julia Barnett,California,West,Office Supplies,101.77,3.28,3.97,-73.19
23488,Critical,30,0.04,Delivery Truck,Julia West,Illinois,Central,Furniture,26133.39,880.98,44.55,-11053.6
41094,Low,46,0.09,Regular Air,Maribeth Schnelling,Virginia,South,Office Supplies,298.97,6.48,8.73,-225.86
41094,Low,6,0.05,Regular Air,Maribeth Schnelling,Virginia,South,Office Supplies,159.05,20.34,35,-153.46
48226,Low,23,0.02,Delivery Truck,Corey Roper,Connecticut,East,Furniture,2357.45,100.98,35.84,-108.8
3073,Medium,3,0.05,Regular Air,Jasper Cacioppo,New York,East,Office Supplies,10.58,1.98,4.77,-11.58
3073,Medium,3,0.07,Express Air,Jasper Cacioppo,New York,East,Technology,2119.67,699.99,24.49,-2314.74
3073,Medium,7,0.07,Regular Air,Jasper Cacioppo,New York,East,Technology,45923.76,6783.02,24.49,102.61
18405,Medium,30,0.09,Express Air,George Ashbrook,Texas,Central,Office Supplies,610.65,20.98,8.83,60.27
18405,Medium,2,0.03,Regular Air,George Ashbrook,Texas,Central,Technology,158.04,73.98,14.52,-263.09
32295,High,11,0.07,Regular Air,Pauline Chand,Oklahoma,Central,Technology,607.597,65.99,5.99,-112.24
33923,Low,34,0.05,Regular Air,Benjamin Venier,California,West,Technology,1961.7915,65.99,5.99,425.75
40704,Low,6,0.01,Regular Air,Julie Kriz,Maine,East,Office Supplies,11.57,1.76,0.7,-2.06
43909,High,46,0.08,Regular Air,Chloris Kastensmidt,Nevada,West,Office Supplies,737.25,15.99,13.18,-199.13
4193,High,16,0.07,Regular Air,Sandra Flanagan,Ohio,East,Office Supplies,64.29,4.13,0.99,14.42
4193,High,3,0.03,Regular Air,Sandra Flanagan,Ohio,East,Furniture,75.77,22.72,8.99,64.25
7203,High,25,0.03,Regular Air,Ruben Dartt,Washington,West,Office Supplies,21752.01,896.99,19.99,9296.35
30083,,23,0.07,Regular Air,Luke Schmidt,South Carolina,South,Office Supplies,324.28,14.56,3.5,20.43
8576,High,43,0,Express Air,Cynthia Voltz,California,West,Office Supplies,541.45,11.66,8.99,-164.25
18561,,9,0.02,Regular Air,Joni Blumstein,Oklahoma,Central,Office Supplies,45.87,4.13,6.89,-38.9
31715,,24,0.09,Regular Air,Mark Haberlin,Maine,East,Office Supplies,64.11,2.78,0.97,-4.09
31715,,11,0.01,Regular Air,Mark Haberlin,California,West,Office Supplies,68.5,5.38,7.57,-53.85
31715,,44,0.05,Regular Air,Mark Haberlin,California,West,Office Supplies,145.19,3.28,3.97,-116.87
40097,Low,47,0.1,Regular Air,Olvera Toch,Wisconsin,Central,Office Supplies,117.88,2.6,2.4,-71
47138,Low,1,0.04,Regular Air,Benjamin Patterson,Pennsylvania,East,Technology,107.95,125.99,8.99,-506.31
58343,,39,0.07,Regular Air,Yana Sorensen,New Jersey,East,Office Supplies,121.87,3.29,1.35,11.32
14596,Critical,24,0.01,Regular Air,Darren Powers,Texas,Central,Furniture,199.12,8.34,0.96,73.33
14596,Critical,19,0.06,Regular Air,Darren Powers,Texas,Central,Office Supplies,63.14,3.28,3.97,-53.75
20037,Low,35,0.02,Regular Air,Michelle Moray,Kentucky,South,Furniture,1009.42,29.18,8.55,339.58
20037,Low,49,0.03,Delivery Truck,Michelle Moray,Kentucky,South,Technology,15137.11,297.64,14.7,4913.16
28290,Low,43,0.05,Express Air,Maria Bertelson,MO,Central,Technology,1307.35,30.42,8.65,-154.24
28290,Low,3,0.01,Express Air,Maria Bertelson,MO,Central,Office Supplies,523.58,161.55,19.99,-179.36
28999,High,34,0.02,Regular Air,Giulietta Dortch,Vermont,East,Technology,1177.5,33.98,1.99,420.05
31553,Critical,32,0.09,Regular Air,Sean Wendt,Minnesota,Central,Office Supplies,4906.85,162.93,19.99,1907.94
33988,Medium,30,0,Regular Air,Rob Haberlin,Pennsylvania,East,Technology,164.78,5.02,5.14,-128.47
44391,,16,0.02,Regular Air,Ann Steele,Utah,West,Office Supplies,112.81,6.48,9.17,-85.23
55367,Critical,31,0.05,Delivery Truck,Kristina Nunn,Michigan,Central,Furniture,2137.1,70.98,46.74,-686.01
55367,Critical,48,0.05,Regular Air,Kristina Nunn,Michigan,Central,Office Supplies,571.17,11.55,2.36,129.87
19655,High,31,0.06,Regular Air,Alan Barnes,Illinois,Central,Technology,1143.45,39.24,1.99,304.42
21830,Low,19,0.08,Delivery Truck,Andy Gerbode,Tennessee,South,Technology,6991.65,399.98,12.06,906.8
33797,,20,0.08,Delivery Truck,Bradley Drucker,MA,East,Technology,4531.34,297.64,14.7,653.68
33797,,44,0.02,Regular Air,Bradley Drucker,MA,East,Furniture,574.5,12.99,14.37,-449.04
33797,,18,0.06,Regular Air,Bradley Drucker,MA,East,Office Supplies,262.94,14.42,6.75,-22.37
33797,,29,0.05,Express Air,Bradley Drucker,New Jersey,East,Furniture,138.17,4.14,6.6,-103.78
33797,,18,0.03,Regular Air,Bradley Drucker,New Jersey,East,Office Supplies,216.87,11.34,5.01,30.53
7461,Low,12,0.05,Delivery Truck,Greg Matthias,Colorado,West,Furniture,4080.3,350.99,39,593.79
7461,Low,28,0,Regular Air,Greg Matthias,Colorado,West,Office Supplies,260.79,8.74,1.39,111.4
7461,Low,44,0.02,Regular Air,Greg Matthias,Colorado,West,Office Supplies,90.35,1.98,0.7,-16.72
20549,,40,0.09,Regular Air,Cindy Schnelling,Kentucky,South,Office Supplies,1030.09,27.75,19.99,-568.71
27813,Medium,10,0.1,Regular Air,Liz Price,Kentucky,South,Technology,401.14,40.98,6.5,-131.03
37862,,27,0.01,Regular Air,Guy Thornton,MO,Central,Office Supplies,1603.27,59.98,3.99,452.49
43362,Critical,45,0.03,Delivery Truck,Rick Reed,Maryland,East,Furniture,15963.09,350.98,30,4276.73
43362,Critical,33,0.04,Regular Air,Rick Reed,Maryland,East,Office Supplies,58.48,1.68,1,2.72
13602,Low,3,0.03,Delivery Truck,Brian Stugart,California,West,Technology,445.34,145.45,17.85,-377.9
13602,Low,13,0.02,Regular Air,Brian Stugart,California,West,Office Supplies,660.99,48.04,5.09,267.67
25541,Low,50,0.07,Regular Air,Mike Gockenbach,Florida,South,Office Supplies,297.76,5.98,5.79,-111.34
51623,Critical,17,0.06,Regular Air,Michelle Huthwaite,Maryland,East,Furniture,39.23,2.08,5.33,-66.58
8325,Critical,21,0.08,Delivery Truck,Jennifer Patt,California,West,Technology,2364.29,115.99,56.14,-220.05
8325,Critical,27,0.08,Regular Air,Jennifer Patt,California,West,Office Supplies,112.57,4.28,0.94,13.92
30567,,14,0.1,Delivery Truck,Toby Swindell,Tennessee,South,Office Supplies,2690.84,208.16,68.02,-368.02
30567,,8,0.07,Regular Air,Toby Swindell,Tennessee,South,Office Supplies,733.55,90.48,19.99,103.13
30567,,3,0.01,Express Air,Toby Swindell,Tennessee,South,Furniture,38.71,9.48,7.29,23
30567,,14,0.02,Regular Air,Toby Swindell,Tennessee,South,Office Supplies,62.6,4.28,0.94,7.32
34691,Critical,27,0.08,Regular Air,Clytie Kelty,Pennsylvania,East,Office Supplies,217.68,7.77,9.23,-168.75
34691,Critical,23,0.02,Delivery Truck,Clytie Kelty,Pennsylvania,East,Technology,7202.94,306.14,26.53,1425.11
34691,Critical,13,0.1,Express Air,Clytie Kelty,Pennsylvania,East,Office Supplies,245.82,18.97,9.54,-7.39
43911,Medium,29,0.06,Regular Air,Tamara Manning,Idaho,West,Furniture,577.89,19.99,11.17,-53.89
43911,Medium,36,0,Delivery Truck,Tamara Manning,Idaho,West,Technology,9920.85,264.98,17.86,2685.19
43911,Medium,23,0.06,Delivery Truck,Tamara Manning,Idaho,West,Furniture,7484.31,320.98,58.95,1278.45
6884,Low,41,0.01,Regular Air,Skye Norling,Illinois,Central,Office Supplies,217,4.98,4.75,-61.21
6884,Low,47,0.04,Regular Air,Skye Norling,Illinois,Central,Office Supplies,296.13,6.35,1.02,119.09
12676,High,25,0.08,Express Air,Jennifer Jackson,Mississippi,South,Furniture,201.06,8.09,7.96,-80.86
22243,Critical,9,0.09,Regular Air,Amy Hunt,Tennessee,South,Office Supplies,24.76,2.88,0.7,-1.82
37729,,48,0,Regular Air,Giulietta Weimer,Michigan,Central,Office Supplies,447.89,8.6,6.19,-26.78
48773,Medium,7,0.06,Regular Air,Amy Cox,Pennsylvania,East,Office Supplies,51.27,7.04,2.17,3.27
2370,Critical,6,0.02,Regular Air,Sanjit Jacobs,Maryland,East,Furniture,679.6,110.98,13.99,-85.76
2370,Critical,30,0.01,Regular Air,Sanjit Jacobs,Maryland,East,Office Supplies,257.42,8.01,2.87,59.18
22147,Low,37,0.04,Regular Air,Christina Anderson,Tennessee,South,Furniture,832.14,22.72,8.99,175.07
30915,Low,20,0.04,Express Air,Xylona Price,Ohio,East,Office Supplies,62.78,2.98,2.03,-17.75
30915,Low,25,0.01,Regular Air,Xylona Price,Ohio,East,Technology,2836.0505,125.99,8.99,561.13
31781,Medium,46,0.1,Regular Air,Sylvia Foulston,Illinois,Central,Office Supplies,249.02,5.81,8.49,-282.61
31781,Medium,41,0.03,Regular Air,Sylvia Foulston,Illinois,Central,Office Supplies,78.49,1.81,0.75,5.53
39173,Critical,36,0.09,Regular Air,Jason Klamczynski,New York,East,Office Supplies,76.48,2.18,0.78,3.23
39173,Critical,2,0.05,Delivery Truck,Jason Klamczynski,New York,East,Furniture,373.27,179.29,29.21,-433.29
49541,Medium,35,0,Regular Air,Joe Elijah,Arkansas,South,Office Supplies,503.75,13.43,5.5,16.46
1921,Medium,24,0.05,Delivery Truck,Benjamin Venier,Rhode Island,East,Office Supplies,7871.91,328.14,91.05,541.47
10272,Medium,3,0.03,Regular Air,Katherine Ducich,Florida,South,Office Supplies,299.08,90.48,19.99,-50.43
10272,Medium,26,0.06,Regular Air,Katherine Ducich,Florida,South,Office Supplies,566.39,22.84,8.18,76.43
12771,Critical,40,0.08,Regular Air,Carlos Soltero,Illinois,Central,Office Supplies,1143.49,30.53,19.99,-193.44
12771,Critical,46,0.01,Regular Air,Carlos Soltero,Illinois,Central,Office Supplies,78.08,1.68,1.57,-43.1
18945,Medium,33,0.06,Regular Air,John Lee,Alabama,South,Technology,528.54,16.48,1.99,168.54
32868,,39,0.05,Regular Air,Randy Ferguson,Tennessee,South,Office Supplies,1101.28,28.15,6.17,200.53
43620,Medium,13,0.05,Regular Air,Joel Eaton,Mississippi,South,Office Supplies,196.22,14.81,13.32,-89.35
43620,Medium,11,0.05,Express Air,Joel Eaton,Mississippi,South,Office Supplies,49.76,4.2,2.26,-0.13
46884,Medium,18,0.1,Regular Air,Paul Prost,Tennessee,South,Office Supplies,130.11,7.64,1.39,40.3
46884,Medium,3,0,Regular Air,Paul Prost,Tennessee,South,Technology,337.3395,125.99,2.5,-509.94
46884,Medium,25,0.1,Regular Air,Paul Prost,South Dakota,Central,Office Supplies,280.43,11.55,2.36,39.52
22118,High,50,0.05,Regular Air,Natalie Webber,Florida,South,Office Supplies,2842.54,58.1,1.49,1315.75
48199,,47,0.1,Regular Air,Erica Bern,Indiana,Central,Office Supplies,672.46,15.74,1.39,279.74
58784,Medium,12,0.02,Regular Air,Kristen Hastings,Mississippi,South,Office Supplies,141.9,11.58,5.72,1.46
58784,Medium,29,0.06,Regular Air,Kristen Hastings,Mississippi,South,Office Supplies,1379.1,48.91,5.81,573.8
58784,Medium,17,0.02,Regular Air,Kristen Hastings,Mississippi,South,Office Supplies,278.76,15.51,17.78,-210.09
58784,Medium,25,0.05,Delivery Truck,Kristen Hastings,Pennsylvania,East,Furniture,8875.17,350.99,39,2372.08
58784,Medium,20,0.04,Express Air,Kristen Hastings,Pennsylvania,East,Technology,331.21,15.99,9.4,-67.38
66,Low,41,0.09,Regular Air,Arthur Gainer,New Mexico,West,Office Supplies,108.15,2.88,0.7,7.57
16999,Critical,18,0.09,Regular Air,Stuart Calhoun,Ohio,East,Office Supplies,3568.45,207.48,0.99,1081.62
20711,Critical,5,0.1,Regular Air,Chris Cortes,MA,East,Office Supplies,98.66,18.97,9.03,-19.52
20711,Critical,18,0,Delivery Truck,Chris Cortes,Vermont,East,Technology,2215.96,119.99,56.14,-101.66
38340,Critical,36,0.02,Regular Air,Tanja Norvell,Florida,South,Office Supplies,2167.05,60.22,3.5,684.9
44197,High,27,0.02,Delivery Truck,Cynthia Arntzen,Texas,Central,Furniture,3970.33,140.98,53.48,-229.79
31138,High,37,0.05,Delivery Truck,Arthur Prichep,Ohio,East,Furniture,1251.18,31.76,45.51,-1756.44
32800,,33,0.04,Delivery Truck,Larry Tron,Utah,West,Furniture,11336.37,355.98,58.92,1161.75
32800,,19,0.09,Regular Air,Larry Tron,Utah,West,Office Supplies,354.13,19.98,8.68,8.79
32800,,40,0.07,Regular Air,Larry Tron,Utah,West,Office Supplies,751.94,19.98,8.68,69.08
35936,Medium,41,0.08,Regular Air,Roy Phan,Washington,West,Office Supplies,312.26,7.84,4.71,-10.38
35936,Medium,40,0.03,Regular Air,Roy Phan,Washington,West,Furniture,4152.55,105.34,24.49,813.33
37638,Low,33,0.07,Regular Air,Aaron Smayling,New York,East,Office Supplies,139.98,4.13,6.89,-140.54
38021,Medium,16,0.04,Delivery Truck,Rob Haberlin,Pennsylvania,East,Office Supplies,4407.03,279.81,23.19,834.96
38021,Medium,36,0.02,Regular Air,Rob Haberlin,Pennsylvania,East,Office Supplies,173.22,4.91,0.5,81.77
38021,Medium,46,0.02,Regular Air,Rob Haberlin,Iowa,Central,Office Supplies,1482.01,30.44,1.49,709.33
49505,Critical,12,0.04,Regular Air,Harold Ryan,Ohio,East,Office Supplies,97.74,7.84,4.71,-8.5
49505,Critical,34,0.04,Express Air,Harold Ryan,Ohio,East,Technology,335.59,9.78,1.99,85.83
52608,Low,36,0.05,Regular Air,Thea Hudgings,Florida,South,Office Supplies,147.71,3.98,0.7,40.04
58759,Low,4,0.1,Regular Air,Andrew Allen,Colorado,West,Office Supplies,33.44,8.01,2.87,-6.88
7815,Critical,6,0.09,Regular Air,Amy Hunt,Tennessee,South,Technology,187.37,32.98,5.5,-125.96
13636,Low,32,0.02,Delivery Truck,Sally Matthias,Minnesota,Central,Furniture,28180.08,880.98,44.55,7513.88
28225,Critical,13,0.01,Regular Air,Guy Phonely,Ohio,East,Office Supplies,1160.59,80.98,35,-330.14
28225,Critical,9,0,Regular Air,Khloe Miller,Michigan,Central,Furniture,206.04,20.28,14.39,-49.81
53891,High,36,0.02,Regular Air,Nathan Mautz,Minnesota,Central,Office Supplies,562.8,15.22,9.73,-17.45
53891,High,27,0.07,Regular Air,Nathan Mautz,Alabama,South,Technology,4584.73,179.99,19.99,812.38
53891,High,44,0.02,Express Air,Nathan Mautz,Alabama,South,Furniture,4039.72,92.23,39.61,-237.6
53891,High,25,0.03,Express Air,Nathan Mautz,Alabama,South,Technology,2570.944,115.99,5.92,553.36
55360,Medium,49,0.07,Regular Air,Russell Applegate,Florida,South,Office Supplies,134.83,2.89,0.5,50.74
55360,Medium,39,0,Delivery Truck,Russell Applegate,Florida,South,Furniture,8865.1,217.85,29.1,1517.12
10661,,18,0,Regular Air,Jocasta Rupert,Kansas,Central,Office Supplies,136.41,6.84,8.37,-99.34
10661,,42,0.07,Regular Air,Jocasta Rupert,Virginia,South,Office Supplies,1312.65,30.98,5.76,488.31
24802,Medium,18,0.01,Regular Air,Victoria Brennan,Washington,West,Technology,1383.2,73.98,12.14,-23.44
19234,High,24,0.01,Regular Air,Cynthia Delaney,Colorado,West,Office Supplies,359.65,14.42,6.75,-11.15
29319,Low,30,0.1,Regular Air,Filia McAdams,Indiana,Central,Furniture,6654.39,238.4,24.49,1151.69
29319,Low,21,0.03,Express Air,Filia McAdams,Indiana,Central,Technology,4429.69,199.99,24.49,983.55
33025,Low,5,0.08,Regular Air,Debra Catini,New Jersey,East,Office Supplies,318.31,67.84,0.99,-19.06
58277,Medium,23,0.01,Regular Air,Michael Dominguez,Wisconsin,Central,Office Supplies,294.68,11.7,6.96,-23.35
7043,Critical,4,0.06,Regular Air,Giulietta Dortch,California,West,Furniture,11.08,1.74,4.08,-8.93
12869,,15,0.1,Regular Air,Laurel Beltran,South Carolina,South,Technology,1532.482,125.99,8.99,-43
17186,Medium,49,0.08,Regular Air,Ken Brennan,Pennsylvania,East,Furniture,4321.63,90.98,56.2,-1549.14
17186,Medium,11,0.07,Regular Air,Ken Brennan,Pennsylvania,East,Office Supplies,67.14,5.98,5.35,-29.98
20422,High,5,0.01,Regular Air,Gene Hale,Michigan,Central,Office Supplies,15.38,2.89,0.5,1.61
20422,High,30,0.03,Regular Air,Gene Hale,Iowa,Central,Furniture,447.33,14.34,5,115.21
24544,High,31,0.08,Express Air,Tanja Norvell,Florida,South,Technology,4587.3,150.98,13.99,1771.15
24544,High,15,0.03,Delivery Truck,Tanja Norvell,Florida,South,Furniture,403.71,25.98,14.36,-97.47
24544,High,39,0.1,Regular Air,Tanja Norvell,Florida,South,Office Supplies,1243.45,32.48,35,-1212.55
55937,Medium,10,0.09,Regular Air,Stefanie Holloman,Arkansas,South,Technology,392.77,39.98,7.12,-146.2
55937,Medium,24,0.06,Delivery Truck,Stefanie Holloman,Arkansas,South,Furniture,7332.088,376.13,85.63,53.79
10530,Medium,4,0.02,Regular Air,Victor Price,Florida,South,Technology,377.213,110.99,2.5,-411.65
11686,,38,0.08,Regular Air,Michael Dominguez,Wisconsin,Central,Technology,6121.1985,205.99,2.5,1312.34
15718,Critical,36,0.09,Regular Air,Sean O'Donnell,North Dakota,Central,Office Supplies,100.87,2.94,0.7,8.4
15718,Critical,41,0.03,Regular Air,Sean O'Donnell,Ohio,East,Office Supplies,1863.02,43.98,8.99,360.63
15718,Critical,50,0.06,Regular Air,Sean O'Donnell,Ohio,East,Office Supplies,55.89,1.14,0.7,-3.05
8868,Low,3,0.02,Regular Air,Cindy Chapman,Arizona,West,Office Supplies,190.45,59.98,3.99,-44.05
8868,Low,34,0.03,Regular Air,Cindy Chapman,Arizona,West,Office Supplies,179.99,5.18,5.74,-102.27
17155,Medium,36,0,Express Air,Cari Sayre,Utah,West,Office Supplies,267.53,6.88,2,85.17
17155,Medium,31,0.03,Express Air,Cari Sayre,Utah,West,Office Supplies,1065.26,32.48,35,-900.27
19047,High,1,0.06,Regular Air,Adam Hart,California,West,Office Supplies,67.49,55.48,14.3,-22.82
19047,High,3,0.02,Regular Air,Adam Hart,California,West,Office Supplies,6.76,1.68,1.57,-4.28
20480,Medium,38,0.02,Regular Air,Liz MacKendrick,Virginia,South,Office Supplies,16147.61,420.98,19.99,7604.95
20480,Medium,4,0.02,Delivery Truck,Liz MacKendrick,Nebraska,Central,Furniture,1042.63,240.98,60.2,-219.93
20484,Critical,14,0.09,Regular Air,Katherine Hughes,Virginia,South,Technology,1122.6375,95.99,4.9,17.68
5316,Critical,42,0.1,Regular Air,Clay Rozendal,Illinois,Central,Technology,1285.37,31.78,1.99,514.07
21383,Low,31,0.07,Regular Air,Rick Reed,Illinois,Central,Technology,16066.85,574.74,24.49,7416.43
35847,Critical,23,0.08,Express Air,Eugene Barchas,Illinois,Central,Technology,361.65,15.98,8.99,-144.27
15270,,36,0,Regular Air,Maria Zettner,Florida,South,Office Supplies,257.91,6.98,1.6,90.86
18595,Critical,6,0.1,Regular Air,Art Foster,Pennsylvania,East,Office Supplies,451.44,78.65,13.99,-35.19
18595,Critical,16,0.03,Regular Air,Art Foster,Pennsylvania,East,Office Supplies,138.55,8.34,2.64,0.9
30341,Low,42,0.09,Delivery Truck,Matt Abelman,Minnesota,Central,Furniture,6244.18,160.98,30,470.3
30341,Low,41,0.09,Regular Air,Matt Abelman,Minnesota,Central,Office Supplies,239.75,6.3,0.5,105.91
30341,Low,30,0,Regular Air,Matt Abelman,Minnesota,Central,Office Supplies,150.2,4.98,0.8,62.46
40101,Low,46,0.1,Express Air,John Lee,Arkansas,South,Technology,2188.06,49.99,19.99,33.77
52416,,6,0.05,Regular Air,Dave Brooks,West Virginia,East,Office Supplies,49.81,7.64,5.83,-16.95
52416,,40,0.04,Delivery Truck,Dave Brooks,West Virginia,East,Furniture,9141.64,218.75,69.64,-528.65
4454,Low,17,0.01,Regular Air,Erica Bern,Indiana,Central,Office Supplies,55.45,3.08,0.5,21.42
30053,Critical,41,0.06,Delivery Truck,Marc Crier,Arkansas,South,Technology,3279.01,80.97,33.6,349.22
32676,Critical,37,0.06,Regular Air,Joy Smith,Indiana,Central,Technology,1697.44,45.19,1.99,523.43
13604,,38,0.04,Regular Air,Erica Bern,Indiana,Central,Technology,3152.75,83.1,6.13,1166.4
13604,,42,0.07,Regular Air,Erica Bern,Indiana,Central,Furniture,3609.88,90.98,56.2,-1396.22
19493,Critical,31,0.1,Regular Air,Bill Overfelt,Ohio,East,Furniture,4713.25,154.13,69,-372.49
38529,Low,38,0.02,Regular Air,Darren Powers,Idaho,West,Office Supplies,44.85,1.14,0.7,-0.49
39904,,44,0,Regular Air,Alejandro Grove,Ohio,East,Furniture,363.92,8.09,7.96,-144.56
55713,High,49,0.09,Delivery Truck,Alan Schoenberger,Vermont,East,Furniture,5718.85,122.99,70.2,-2426.55
21222,,36,0.1,Regular Air,Carol Darley,Colorado,West,Furniture,181.39,5.08,3.63,-32.4
21222,,26,0.02,Regular Air,Carol Darley,Colorado,West,Technology,846.0815,35.99,5,-120.93
14400,Medium,32,0.05,Regular Air,Henia Zydlo,Florida,South,Office Supplies,74.34,2.16,6.05,-166.55
14400,Medium,35,0.03,Regular Air,Henia Zydlo,Florida,South,Office Supplies,228.8,6.48,6.6,-99.08
14400,Medium,43,0.08,Delivery Truck,Henia Zydlo,Florida,South,Furniture,6089.05,146.05,80.2,-2110.56
14627,Medium,47,0.07,Regular Air,Sonia Sunley,Kansas,Central,Office Supplies,671.03,14.48,6.46,67.86
17636,Low,2,0.03,Regular Air,Dean Katz,California,West,Office Supplies,7.01,2.94,0.96,-4.2
25120,Medium,46,0,Regular Air,Michael Grace,South Carolina,South,Office Supplies,237.15,4.91,0.5,123.02
25120,Medium,22,0.01,Regular Air,Michael Grace,South Carolina,South,Office Supplies,179.22,7.28,11.15,-139.9
25120,Medium,10,0.1,Regular Air,Michael Grace,South Carolina,South,Office Supplies,71.86,6.68,6.93,-35.52
35776,Medium,9,0.05,Regular Air,Gene McClure,Florida,South,Office Supplies,118.66,12.97,1.49,32.68
35776,Medium,36,0.06,Regular Air,Gene McClure,Florida,South,Office Supplies,213.74,5.81,3.37,-32.15
41988,Low,33,0.08,Delivery Truck,Matt Abelman,Minnesota,Central,Technology,4610.35,145.45,17.85,751.58
41988,Low,18,0.07,Delivery Truck,Matt Abelman,Minnesota,Central,Furniture,610.07,33.94,19.19,-157.56
41988,Low,14,0.1,Regular Air,Matt Abelman,Minnesota,Central,Office Supplies,181.49,13.43,5.5,-29.54
44387,Low,50,0.07,Express Air,Erica Bern,Indiana,Central,Technology,1441.57,29.89,1.99,475.26
44387,Low,20,0.03,Regular Air,Erica Bern,Indiana,Central,Office Supplies,173.09,8.34,4.82,-6.71
59459,Medium,40,0.07,Regular Air,Christine Sundaresam,MO,Central,Technology,69.66,1.7,1.99,-51.42
417,Medium,39,0.07,Delivery Truck,Robert Barroso,California,West,Technology,15260.78,500.98,28.14,8734.88
417,Medium,3,0.1,Regular Air,Robert Barroso,California,West,Office Supplies,540.41,178.47,19.99,-170.98
10310,Low,48,0.07,Regular Air,Christina Vanderzanden,Iowa,Central,Office Supplies,139.86,2.88,1.01,9.59
10310,Low,6,0.1,Regular Air,Christina Vanderzanden,Iowa,Central,Technology,926.585,195.99,3.99,-655.42
26945,Critical,29,0,Regular Air,Mick Crebagga,Florida,South,Office Supplies,221.33,7.28,1.77,77.33
35200,Medium,15,0.08,Regular Air,Ricardo Block,Arizona,West,Furniture,150.24,9.98,12.52,-102.93
36068,Critical,23,0.06,Delivery Truck,Anthony Johnson,Iowa,Central,Office Supplies,6133.18,279.81,23.19,1243.17
25440,High,30,0.02,Delivery Truck,Kelly Andreada,South Carolina,South,Furniture,6589.304,259.71,66.67,912.48
26724,Critical,2,0.09,Regular Air,Bobby Elias,New Jersey,East,Technology,1838.18,999.99,13.99,-2531.48
28772,High,16,0.02,Regular Air,Nick Zandusky,Georgia,South,Furniture,950.464,71.37,69,-763.8
28772,High,4,0.03,Express Air,Nick Zandusky,Georgia,South,Technology,705.687,205.99,8.99,-803.08
41543,Low,45,0.03,Delivery Truck,Bill Donatelli,Nebraska,Central,Furniture,7548.65,160.98,30,1385.35
41543,Low,24,0.03,Regular Air,Bill Donatelli,Nebraska,Central,Technology,1318.8685,65.99,3.99,172.33
23808,Low,30,0.04,Regular Air,Ed Braxton,California,West,Office Supplies,630.14,19.98,8.68,108
23808,Low,28,0.08,Regular Air,Ed Braxton,California,West,Technology,2813.8485,125.99,7.69,377.15
44002,Medium,46,0.05,Regular Air,John Lee,Arkansas,South,Office Supplies,320.93,6.68,5.66,-66.48
44002,Medium,14,0.03,Regular Air,John Lee,Arkansas,South,Office Supplies,261.85,17.7,9.47,-52.33
46981,Medium,46,0.07,Regular Air,Robert Dilbeck,Tennessee,South,Office Supplies,1398.87,30.56,2.99,601.96
3138,,4,0.07,Express Air,Bradley Nguyen,Maryland,East,Technology,718.03,179.99,19.99,-427.47
20162,Medium,38,0.03,Regular Air,Helen Wasserman,New York,East,Office Supplies,607.42,15.16,15.09,-254.14
56581,High,20,0.1,Express Air,Grant Donatelli,Wyoming,West,Furniture,2026.01,105.98,13.99,580.43
59942,Medium,47,0.07,Regular Air,Max Engle,Montana,West,Technology,714.46,15.98,8.99,-268.65
40128,Low,43,0.01,Delivery Truck,Christine Abelman,Washington,West,Furniture,10318.72,240.98,60.2,1445.36
9222,High,41,0.04,Regular Air,Ionia McGrath,Alabama,South,Office Supplies,473.67,11.34,5.01,78.2
31078,Critical,7,0.01,Regular Air,Evan Bailliet,Florida,South,Technology,104.46,13.99,7.51,-36.77
41604,Medium,22,0.06,Regular Air,Edward Becker,Texas,Central,Office Supplies,138.24,6.37,5.19,-48.22
44325,Medium,44,0,Regular Air,Maribeth Schnelling,Florida,South,Furniture,951.33,20.28,14.39,-60.66
52258,Low,5,0.04,Regular Air,Thais Sissman,Florida,South,Furniture,63.85,12.22,2.85,40.44
14983,High,48,0.05,Express Air,Rick Wilson,North Carolina,South,Technology,8475.962,205.99,8.99,2497.94
14983,High,18,0.08,Regular Air,Rick Wilson,North Carolina,South,Technology,3015.494,205.99,8.99,251.54
18790,High,7,0.01,Delivery Truck,Nicole Brennan,California,West,Technology,13253.93,2036.48,14.7,-1596.75
45414,Critical,17,0.08,Regular Air,George Ashbrook,Texas,Central,Office Supplies,1002.73,60.98,49,-563.86
47493,Critical,36,0.07,Delivery Truck,Michael Moore,Florida,South,Furniture,9757.48,270.98,50,-96.05
833,Medium,1,0.03,Regular Air,Olvera Toch,Wisconsin,Central,Office Supplies,19.32,12.53,7.17,-20.32
14211,,22,0.04,Regular Air,Frank Hawley,Texas,Central,Technology,3220.58,150.98,13.99,1046.69
14211,,14,0.04,Regular Air,Frank Hawley,Texas,Central,Office Supplies,2367.99,176.19,11.87,320.1
14823,Low,15,0.1,Regular Air,David Smith,Texas,Central,Office Supplies,103.62,7.31,0.49,39.98
14823,Low,20,0.08,Regular Air,David Smith,Texas,Central,Office Supplies,124.84,6.7,1.56,10.56
42339,Critical,31,0.02,Regular Air,Cathy Armstrong,Michigan,Central,Office Supplies,206.54,6.48,9.68,-178.82
52227,Medium,37,0.05,Regular Air,Trudy Bell,Arizona,West,Office Supplies,240.52,6.48,8.19,-164.18
57856,Medium,17,0.06,Regular Air,Vivek Grady,Ohio,East,Office Supplies,127.45,7.1,6.05,-42.17
57856,Medium,31,0.02,Regular Air,Vivek Grady,Ohio,East,Office Supplies,92.18,2.78,0.97,5.7
59104,High,13,0.08,Express Air,Aaron Smayling,New York,East,Office Supplies,197.61,14.27,7.27,3.46
59104,High,22,0.04,Regular Air,Aaron Smayling,New York,East,Office Supplies,68.92,2.98,1.58,2.63
59104,High,38,0.05,Regular Air,Aaron Smayling,New York,East,Technology,3594.7435,115.99,2.5,1016.97
16612,High,45,0.05,Delivery Truck,Sally Matthias,Minnesota,Central,Technology,3699.22,80.97,30.06,565.18
16612,High,6,0,Regular Air,Sally Matthias,Minnesota,Central,Office Supplies,48.93,6.48,10.05,-38.72
21572,Critical,42,0.03,Regular Air,Vicky Freymann,Michigan,Central,Furniture,8549.04,194.3,11.54,2861.01
54055,Critical,44,0.02,Delivery Truck,Lena Creighton,Pennsylvania,East,Furniture,5483.96,120.98,58.64,-1330.5
57506,Medium,48,0.1,Regular Air,Thais Sissman,Florida,South,Office Supplies,332.55,7.28,5.47,-66.87
13408,Low,4,0.04,Regular Air,Joni Blumstein,Oklahoma,Central,Furniture,256.77,60.65,12.23,173.89
14913,High,47,0.01,Regular Air,Janet Lee,North Carolina,South,Office Supplies,1003.43,19.98,8.68,208.06
48836,Critical,8,0.09,Delivery Truck,Nicole Brennan,California,West,Furniture,2651.21,348.21,40.19,-93.85
56452,,34,0,Delivery Truck,Charles Crestani,California,West,Furniture,6686.344,236.97,59.24,1192.04
32741,Low,13,0.07,Regular Air,Bill Eplett,New York,East,Office Supplies,136.24,9.71,9.45,-81.77
33095,,30,0.01,Regular Air,Mick Brown,California,West,Technology,4846.74,159.99,5.5,1689.93
33095,,34,0.1,Regular Air,Mick Brown,California,West,Furniture,2548.3,78.69,19.99,875.57
34498,Low,4,0.09,Express Air,Phillip Flathmann,Florida,South,Office Supplies,47.12,8.74,1.39,10.8
34498,Low,3,0.09,Regular Air,Phillip Flathmann,Florida,South,Office Supplies,62.89,18.97,9.03,-23.2
46119,Critical,23,0.03,Regular Air,Carlos Soltero,Indiana,Central,Office Supplies,93.05,3.8,1.49,15.27
46119,Critical,20,0.07,Regular Air,Carlos Soltero,Indiana,Central,Office Supplies,154.13,7.98,1.25,57.31
46119,Critical,46,0.07,Delivery Truck,Carlos Soltero,Indiana,Central,Furniture,18824.42,417.4,75.23,-575.35
32037,Low,37,0.04,Regular Air,Edward Becker,Texas,Central,Office Supplies,311.66,8.6,6.19,-63.81
32037,Low,15,0.07,Regular Air,Edward Becker,Texas,Central,Technology,9862.51,699.99,24.49,325.29
48998,Low,15,0.04,Regular Air,Sharelle Roach,Idaho,West,Office Supplies,180.39,11.58,6.97,-8.11
55874,Medium,28,0,Regular Air,Erica Smith,Texas,Central,Office Supplies,208.83,7.1,6.05,-60.15
55874,Medium,41,0.01,Express Air,Erica Smith,Texas,Central,Technology,228.3,4.98,4.62,-111.72
55874,Medium,24,0.06,Regular Air,Erica Smith,Washington,West,Office Supplies,129.53,5.68,1.39,33.01
22083,Critical,2,0.05,Express Air,David Bremer,California,West,Office Supplies,16.81,6.04,2.14,-4.14
59170,High,44,0.02,Regular Air,Frank Merwin,Utah,West,Office Supplies,242.46,5.34,2.99,9.3
59170,High,10,0.04,Regular Air,Frank Merwin,Utah,West,Furniture,607.77,62.18,10.84,232
59170,High,22,0.03,Regular Air,Frank Merwin,Utah,West,Furniture,954.57,41.47,34.2,-380.9
59170,High,5,0.04,Regular Air,Frank Merwin,Utah,West,Technology,8767.62,1938.02,13.99,-1510.89
16547,,30,0.09,Delivery Truck,Nicole Hansen,Illinois,Central,Furniture,10554.63,355.98,58.92,1240.25
16547,,8,0.04,Delivery Truck,Nicole Hansen,Illinois,Central,Furniture,1749.64,218.75,69.64,-533.23
18471,,37,0,Regular Air,Justin Knight,Iowa,Central,Office Supplies,226.65,5.98,0.96,46.41
18471,,4,0.02,Regular Air,Justin Knight,Iowa,Central,Office Supplies,10.96,2.08,2.56,-8.02
18471,,29,0.02,Regular Air,Justin Knight,Iowa,Central,Office Supplies,185.61,5.98,5.46,-47.12
36455,High,48,0.03,Regular Air,Frank Merwin,Utah,West,Technology,1838.19,39.48,1.99,561.43
47011,High,33,0.05,Regular Air,Roland Fjeld,California,West,Office Supplies,373.13,11.29,5.03,-35.26
56483,High,37,0.05,Regular Air,Debra Catini,California,West,Office Supplies,158.62,4.28,5.17,-104.57
53511,Medium,41,0.07,Regular Air,Anthony Johnson,Illinois,Central,Office Supplies,241.1,5.81,8.49,-243.24
53511,Medium,49,0.04,Regular Air,Anthony Johnson,Illinois,Central,Furniture,491.93,9.65,6.22,-53.62
55300,High,37,0.03,Regular Air,Sally Hughsby,Ohio,East,Office Supplies,159.89,4.06,6.89,-185.17
55300,High,48,0.01,Regular Air,Sally Hughsby,Ohio,East,Office Supplies,180.48,3.75,0.5,82.38
55300,High,31,0.02,Regular Air,Sally Hughsby,Ohio,East,Furniture,350.48,10.68,13.04,-231.05
58182,High,24,0.05,Express Air,Tracy Collins,Florida,South,Furniture,479.13,19.23,6.15,166.92
38087,Critical,18,0.02,Regular Air,Ann Blume,MA,East,Technology,901.81,49.99,19.99,-76.89
57509,Low,39,0.1,Express Air,Neola Schneider,Illinois,Central,Office Supplies,199.39,4.91,0.5,101.13
57509,Low,11,0.09,Delivery Truck,Neola Schneider,Illinois,Central,Furniture,2770.35,259.71,66.67,-202.58
6368,,40,0,Delivery Truck,Anthony O'Donnell,Colorado,West,Technology,19100.45,442.14,14.7,6839.95
39072,High,50,0.08,Regular Air,Adam Shillingsburg,Oregon,West,Office Supplies,1633.37,34.99,7.73,144.69
54947,,27,0.05,Regular Air,Peter Buhler,Kansas,Central,Technology,132.36,4.98,4.62,-98.35
54947,,42,0.02,Regular Air,Peter Buhler,Kansas,Central,Furniture,1498.46,34.23,5.02,565.37
28256,High,19,0.01,Delivery Truck,Brian Moss,Kentucky,South,Office Supplies,467.4,20.98,53.03,-851.09
36643,Critical,17,0.01,Regular Air,Ruben Ausman,Texas,Central,Furniture,240.87,13.79,8.78,-36.77
36643,Critical,30,0.04,Regular Air,Ruben Ausman,Texas,Central,Office Supplies,1025.02,33.29,8.74,87.03
58310,Critical,22,0.03,Regular Air,Mary O'Rourke,Minnesota,Central,Office Supplies,834.81,37.76,12.9,1.98
11008,Critical,17,0.01,Regular Air,Peter McVee,Maine,East,Office Supplies,2545.89,138.14,35,-321.51
18816,Critical,12,0.03,Express Air,Jeremy Lonsdale,New York,East,Office Supplies,580.46,48.58,3.99,108.96
37441,Critical,46,0,Delivery Truck,Katrina Bavinger,Wisconsin,Central,Furniture,14740.51,300.98,164.73,3407.73
37441,Critical,1,0.09,Regular Air,Katrina Bavinger,Wisconsin,Central,Office Supplies,3.77,2.94,0.96,-1.84
18819,Low,22,0.1,Regular Air,Dan Campbell,California,West,Furniture,1102.3,50.98,22.24,98.12
48230,,39,0.04,Express Air,Dana Kaydos,Minnesota,Central,Furniture,1140.26,29.18,8.55,387.2
48230,,31,0,Regular Air,Dana Kaydos,Minnesota,Central,Office Supplies,2645.8,80.98,35,-684.78
49123,High,31,0.1,Regular Air,Mick Crebagga,Florida,South,Office Supplies,305.76,10.44,5.75,-22.53
49123,High,3,0.06,Regular Air,Mick Crebagga,Florida,South,Technology,25.48,8.33,1.99,-26.8
1059,Critical,22,0.02,Regular Air,Sean O'Donnell,North Dakota,Central,Office Supplies,127.33,5.34,2.99,5.3
1059,Critical,24,0.03,Regular Air,Sean O'Donnell,North Dakota,Central,Office Supplies,990.1,40.98,7.47,310.22
18279,Medium,22,0.07,Regular Air,Stephanie Phelps,Washington,West,Technology,184.35,8.33,1.99,11.95
18279,Medium,20,0.03,Regular Air,Stephanie Phelps,Washington,West,Technology,10281.79,499.99,24.49,3272.9
30215,Medium,23,0.06,Regular Air,Cathy Hwang,Maine,East,Technology,3637.728,195.99,8.99,349.47
30215,Medium,20,0.1,Regular Air,Cathy Hwang,Connecticut,East,Office Supplies,125.84,6.88,2,18.42
30564,Critical,20,0.09,Regular Air,Darrin Van Huff,Kentucky,South,Technology,606.3985,35.99,5.99,126.13
43846,High,9,0.1,Regular Air,Jill Matthias,California,West,Office Supplies,31.36,3.6,2.2,-8.28
57890,Critical,15,0.08,Regular Air,Jennifer Patt,Connecticut,East,Office Supplies,803.04,55.48,6.79,282.32
6979,Critical,28,0.03,Regular Air,Keith Dawkins,Arkansas,South,Technology,334.89,11.99,5.99,-1.44
14916,Low,16,0.07,Express Air,Cari Sayre,Utah,West,Technology,1685.941,125.99,8.8,21.02
39846,Low,14,0.06,Regular Air,Cindy Schnelling,Illinois,Central,Technology,71.47,4.98,4.62,-62.73
39846,Low,10,0.06,Delivery Truck,Cindy Schnelling,Kentucky,South,Furniture,1372.14,130.98,54.74,-340.98
51937,High,39,0.05,Delivery Truck,James Lanier,Texas,Central,Office Supplies,11613.13,294.62,42.52,2816.21
41888,Low,18,0.1,Regular Air,Victoria Pisteka,California,West,Office Supplies,1979.47,120.98,9.07,690.27
41888,Low,23,0.08,Express Air,Victoria Pisteka,California,West,Technology,187.8,8.32,2.38,-41.83
41888,Low,29,0.1,Regular Air,Victoria Pisteka,California,West,Technology,2823.037,125.99,4.2,372.4
57958,Critical,46,0.07,Express Air,Steven Ward,Florida,South,Office Supplies,1419.83,30.98,8.74,385.8
8258,High,37,0.02,Regular Air,James Lanier,Texas,Central,Office Supplies,434.77,11.34,11.25,-155.21
11302,Low,10,0.09,Delivery Truck,Natalie Fritzler,Wisconsin,Central,Technology,866.66,90.97,14,35.29
19042,Critical,8,0.07,Regular Air,Evan Minnotte,Indiana,Central,Office Supplies,327.61,40.98,7.47,54.9
22851,Critical,25,0.09,Regular Air,Denise Monton,Arkansas,South,Technology,667.36,28.48,1.99,218.89
22851,Critical,13,0,Regular Air,Denise Monton,Arkansas,South,Furniture,32.37,2.08,5.33,-48.55
22851,Critical,38,0.06,Express Air,Denise Monton,Arkansas,South,Technology,1409.0875,45.99,4.99,233.56
22917,Medium,1,0.06,Express Air,Nathan Mautz,Alabama,South,Technology,3550.28,3499.99,24.49,-11769.17
21703,,3,0,Regular Air,Alan Hwang,Virginia,South,Office Supplies,12.01,3.69,0.5,-1.08
21703,,20,0.03,Regular Air,Alan Hwang,Virginia,South,Furniture,1846.76,92.23,39.61,3.14
21703,,15,0.02,Express Air,Alan Hwang,Virginia,South,Technology,2211.734,175.99,4.99,80.76
41153,Medium,29,0.1,Regular Air,Alan Barnes,Illinois,Central,Technology,862.2,30.73,4,-45.1
46021,High,1,0.08,Delivery Truck,Theresa Swint,Florida,South,Furniture,199.48,170.98,35.89,-120.24
54369,,47,0,Express Air,Ryan Akin,Ohio,East,Technology,421.08,8.33,1.99,82.31
12544,Low,34,0.08,Regular Air,Jim Radford,Illinois,Central,Furniture,74.3,2.08,5.33,-129.01
10022,Low,1,0.06,Regular Air,Delfina Latchford,Illinois,Central,Office Supplies,12.18,10.14,2.27,-3.88
20166,Low,6,0.1,Regular Air,Mick Crebagga,Florida,South,Technology,973.862,205.99,8.99,-693.33
28291,Critical,14,0.02,Delivery Truck,Carl Weiss,Mississippi,South,Furniture,3950.6,280.98,57,-477.66
2466,Critical,25,0.05,Regular Air,Quincy Jones,Alabama,South,Furniture,2553.84,107.53,5.81,553.7
5828,Low,21,0.08,Delivery Truck,Christina DeMoss,Virginia,South,Furniture,6005.21,296.18,54.12,-450.7
12934,,45,0.05,Regular Air,Guy Armstrong,Indiana,Central,Office Supplies,440.39,9.78,1.39,186.64
12934,,27,0.02,Express Air,Guy Armstrong,Indiana,Central,Office Supplies,96.99,3.28,3.97,-66.35
20773,,44,0.08,Regular Air,Denise Monton,Arkansas,South,Office Supplies,479.96,10.91,2.99,122.54
53152,Medium,36,0.01,Express Air,Bill Eplett,New York,East,Technology,2051.8235,65.99,8.8,350.36
53152,Medium,5,0.02,Regular Air,Bill Eplett,MO,Central,Technology,185.79,34.98,7.53,-159.68
53152,Medium,9,0.01,Regular Air,Bill Eplett,MO,Central,Furniture,196.41,19.99,11.17,27.91
53152,Medium,9,0.02,Regular Air,Bill Eplett,MO,Central,Office Supplies,186.67,19.98,8.68,2.06
1799,,10,0.06,Delivery Truck,Trudy Schmidt,Michigan,Central,Furniture,1187.12,113.98,30,-127.3
1799,,16,0.05,Regular Air,Trudy Schmidt,Michigan,Central,Office Supplies,108.31,6.48,6.86,-52.77
24391,Low,14,0.08,Delivery Truck,Raymond Book,Washington,West,Furniture,3236.8,230.98,23.78,501.69
49154,Medium,26,0.07,Regular Air,Joy Bell,Illinois,Central,Office Supplies,1523.5,60.98,49,-807.89
49412,Critical,20,0.09,Delivery Truck,Dennis Bolton,Kansas,Central,Technology,9418.14,517.48,16.63,909.36
8709,High,50,0.07,Regular Air,Rose O'Brian,Oklahoma,Central,Technology,2451.41,51.98,10.17,773.36
8709,High,11,0.1,Delivery Truck,Rose O'Brian,Oklahoma,Central,Technology,851.24,80.97,33.6,-149.46
13542,Low,11,0.01,Delivery Truck,John Huston,North Carolina,South,Furniture,3571.84,300.98,64.73,403.81
13542,Low,33,0.03,Regular Air,John Huston,North Carolina,South,Office Supplies,310.44,8.74,8.29,-90.21
37510,Critical,15,0.02,Regular Air,Richard Bierner,Virginia,South,Office Supplies,2466.02,161.55,19.99,243.73
52870,,21,0.03,Regular Air,Ann Steele,Utah,West,Office Supplies,118.51,3.25,49,-948.71
58434,High,42,0.04,Regular Air,Dorothy Badders,Illinois,Central,Furniture,843.53,19.23,6.15,268.32
59776,Low,35,0.01,Express Air,Maxwell Schwartz,North Carolina,South,Office Supplies,285.01,7.64,1.39,124.82
59776,Low,33,0.07,Delivery Truck,Maxwell Schwartz,North Carolina,South,Technology,12215.43,400.97,48.26,5255.45
59879,,33,0.04,Express Air,Karen Bern,Mississippi,South,Technology,987.3175,35.99,3.3,368.56
13632,Medium,6,0.01,Express Air,Nora Price,Virginia,South,Technology,608.93,99.99,19.99,-193.96
34497,Medium,36,0.1,Regular Air,Thomas Brumley,Florida,South,Office Supplies,175.35,4.98,7.54,-174.18
34497,Medium,25,0,Regular Air,Thomas Brumley,Florida,South,Office Supplies,590.6,22.84,8.18,117.73
37095,Low,3,0.09,Regular Air,Roy Phan,Washington,West,Technology,18888,6783.02,24.49,-14140.7
2373,,36,0.06,Regular Air,Craig Carroll,Nebraska,Central,Office Supplies,317.59,8.6,6.19,-46.12
27111,High,11,0.06,Regular Air,Heather Kirkland,Illinois,Central,Technology,1064.23,99.99,19.99,-127.56
27111,High,18,0,Regular Air,Heather Kirkland,Illinois,Central,Office Supplies,3497.05,193.17,19.99,282.18
27111,High,44,0.08,Express Air,Heather Kirkland,Illinois,Central,Technology,774.0525,20.99,3.3,-96.34
12450,,15,0,Regular Air,Lindsay Castell,Montana,West,Technology,1146.41,73.98,14.52,-88.61
14176,Low,39,0.01,Regular Air,Resi Polking,Idaho,West,Technology,1233.4775,35.99,5.99,453.8
25574,,46,0,Delivery Truck,Rob Beeghly,Louisiana,South,Furniture,5074.07,100.98,57.38,-1390.53
25574,,31,0.01,Express Air,Rob Beeghly,Louisiana,South,Technology,1526.67,47.98,3.61,118.82
33217,High,20,0.1,Regular Air,Dennis Kane,New York,East,Technology,1388.91,73.98,4,-229.87
33217,High,34,0.05,Regular Air,Dennis Kane,New York,East,Technology,1806.65,51.98,10.17,599.04
45987,,31,0.01,Regular Air,Laura Armstrong,Ohio,East,Office Supplies,131.43,4,1.3,37.25
23398,Medium,19,0.06,Regular Air,Carol Adams,Maryland,East,Office Supplies,123.1,6.48,7.37,-75.44
28258,Critical,2,0.07,Regular Air,Denny Blanton,Ohio,East,Technology,201.178,125.99,2.5,-604.41
28258,Critical,25,0.03,Regular Air,Denny Blanton,Ohio,East,Technology,2493.24,99.99,19.99,293.66
40518,Critical,3,0.05,Regular Air,Carlos Daly,Illinois,Central,Office Supplies,17.52,4.13,5.04,-12.16
7776,Medium,36,0.07,Delivery Truck,Michelle Moray,Kentucky,South,Furniture,7223.59,200.98,23.76,1769.81
7776,Medium,6,0.02,Delivery Truck,Michelle Moray,Kentucky,South,Furniture,934.216,179.29,29.21,-4.34
24193,,45,0.02,Delivery Truck,Beth Fritzler,Tennessee,South,Furniture,9539.6,200.98,55.96,-163.63
24193,,24,0.02,Regular Air,Beth Fritzler,Tennessee,South,Office Supplies,109.86,4.28,5.17,-63.87
24193,,19,0.04,Regular Air,Beth Fritzler,Tennessee,South,Technology,1426.5125,85.99,0.99,-175.18
28647,Critical,38,0.09,Express Air,Carol Triggs,New York,East,Furniture,5679.59,154.13,69,-1763.75
46241,,34,0.1,Regular Air,Thea Hudgings,Florida,South,Furniture,1932.58,62.18,10.84,356.48
1952,High,24,0.04,Delivery Truck,Alejandro Grove,Ohio,East,Furniture,7287.55,296.18,54.12,-715.78
11585,Medium,17,0.1,Regular Air,Chuck Sachs,Maine,East,Technology,281.84,17.98,4,-99.55
11585,Medium,2,0.09,Regular Air,Chuck Sachs,Connecticut,East,Technology,200.753,125.99,8.99,-605.37
26855,High,13,0.08,Regular Air,Naresj Patel,Texas,Central,Furniture,396.04,30.93,3.92,230.02
28480,Medium,17,0.01,Regular Air,Mike Kennedy,Minnesota,Central,Office Supplies,30.62,1.76,0.7,-1.56
53573,,6,0.03,Regular Air,Daniel Byrd,Nevada,West,Furniture,93.73,14.2,5.3,51.14
9383,,11,0.07,Regular Air,John Dryer,Georgia,South,Furniture,82.42,7.59,4,18.53
36807,Medium,14,0.1,Regular Air,Daniel Raglin,Oklahoma,Central,Office Supplies,211.88,15.57,1.39,78.45
57476,High,20,0.08,Delivery Truck,Michael Stewart,California,West,Office Supplies,1351.43,68.81,60,-550.43
57476,High,17,0.04,Regular Air,Michael Stewart,California,West,Office Supplies,357.91,21.38,8.99,-52.12
6498,Medium,38,0.01,Express Air,Julie Prescott,West Virginia,East,Technology,336.85,8.12,2.83,-40.76
9733,,39,0.1,Regular Air,Gene McClure,Maryland,East,Office Supplies,223.64,5.98,5.35,-90.26
39906,Medium,25,0.04,Regular Air,Sean Christensen,Wisconsin,Central,Office Supplies,82.21,3.38,1.09,15.25
9894,High,16,0.08,Delivery Truck,Eric Barreto,MA,East,Furniture,5403.75,355.98,58.92,103.83
15170,Critical,19,0.01,Regular Air,Thomas Boland,Wisconsin,Central,Technology,356.4645,20.99,4.81,-9.11
19299,,10,0.05,Regular Air,Brendan Murry,California,West,Office Supplies,29.23,2.88,0.5,8.1
23751,Medium,44,0.01,Delivery Truck,Ricardo Block,Arizona,West,Furniture,10364.36,220.98,64.66,1049.03
31941,Medium,32,0.01,Express Air,Kimberly Carter,Iowa,Central,Office Supplies,2564.45,78.65,13.99,650.73
31941,Medium,7,0.07,Regular Air,Kimberly Carter,Iowa,Central,Office Supplies,53.55,6.48,9.68,-43.5
43140,Critical,23,0.1,Regular Air,Marc Harrigan,Michigan,Central,Office Supplies,130.16,5.98,5.14,-49.53
53920,Critical,18,0.05,Delivery Truck,Anna Chung,Arizona,West,Office Supplies,433.31,20.98,53.03,-815.79
16676,High,39,0.07,Regular Air,Sally Hughsby,Ohio,East,Technology,936.802,28.99,8.59,-12.08
23429,Critical,28,0.06,Regular Air,Beth Thompson,Pennsylvania,East,Office Supplies,154.61,5.34,5.63,-82.82
23429,Critical,19,0.07,Express Air,Beth Thompson,Pennsylvania,East,Technology,1063.35,65.99,5.26,107.08
49216,High,28,0.01,Regular Air,Noah Childs,Texas,Central,Office Supplies,96.71,3.28,3.97,-72.44
49216,High,11,0.1,Regular Air,Noah Childs,Indiana,Central,Office Supplies,259.69,24.92,12.98,-45.82
49216,High,9,0.06,Delivery Truck,Noah Childs,Indiana,Central,Technology,2503.86,270.97,28.06,-172.48
49216,High,29,0,Express Air,Noah Childs,Indiana,Central,Office Supplies,374.67,12.28,6.35,30.63
2530,Medium,9,0.06,Regular Air,Rob Haberlin,Iowa,Central,Office Supplies,23.46,2.61,0.5,4.58
6116,Medium,7,0.01,Regular Air,Barry Weirich,MA,East,Technology,150.77,19.98,4,-72.23
6116,Medium,6,0.04,Regular Air,Barry Weirich,Illinois,Central,Office Supplies,9620.82,1637.53,24.49,-1759.58
11077,Low,30,0.06,Delivery Truck,Charles Crestani,California,West,Furniture,4620.05,160.98,35.02,-229.68
38084,,11,0.02,Regular Air,Victoria Wilson,Wisconsin,Central,Office Supplies,100.36,9.11,2.15,18.41
38084,,33,0.06,Regular Air,Victoria Wilson,Wisconsin,Central,Furniture,404.91,12.64,4.98,65.63
7719,Low,37,0.02,Regular Air,Tony Sayre,Washington,West,Office Supplies,522.62,13.48,4.51,34.52
13825,High,30,0.09,Regular Air,Christopher Conant,Washington,West,Office Supplies,186.79,6.48,6.35,-88.6
26470,High,41,0.03,Regular Air,Harold Ryan,Ohio,East,Office Supplies,18081.76,420.98,19.99,8822.28
29766,Medium,13,0,Regular Air,Emily Phan,Alabama,South,Technology,89061.05,6783.02,24.49,27220.69
29766,Medium,40,0.08,Regular Air,Emily Phan,Alabama,South,Technology,6636.664,205.99,8.99,1623.7
35744,,44,0.02,Regular Air,Tonja Turnell,Washington,West,Technology,2587.53,55.94,6.55,401.85
7136,High,17,0.07,Regular Air,Lena Cacioppo,Iowa,Central,Technology,642.9,39.48,1.99,88.72
7136,High,9,0,Regular Air,Lena Cacioppo,Iowa,Central,Office Supplies,47.28,4.91,0.5,17.05
8257,Low,5,0.05,Delivery Truck,David Philippe,Minnesota,Central,Technology,7486.09,1500.97,29.7,-2561.32
8257,Low,18,0.02,Regular Air,David Philippe,Minnesota,Central,Office Supplies,881.32,48.04,5.09,373.67
8257,Low,5,0.03,Regular Air,David Philippe,Minnesota,Central,Office Supplies,22.77,4.28,1.6,-6.2
13252,,44,0.03,Delivery Truck,Pamela Stobb,New York,East,Furniture,7312.86,160.98,30,1279.37
13252,,39,0.09,Regular Air,Pamela Stobb,New York,East,Technology,605.16,15.98,4,154.65
39301,Medium,4,0.08,Regular Air,Kelly Williams,Utah,West,Office Supplies,33.54,6.84,8.37,-29.49
39301,Medium,16,0.1,Express Air,Kelly Williams,Kansas,Central,Technology,2232.66,152.48,4,-521.09
48900,,27,0.03,Regular Air,Jack O'Briant,Mississippi,South,Office Supplies,337.61,12.28,6.35,15.61
48900,,42,0.08,Regular Air,Jack O'Briant,Mississippi,South,Office Supplies,636.34,15.14,4.53,-99.26
55776,,32,0.01,Delivery Truck,Dean Braden,Texas,Central,Technology,4856.1,145.45,17.85,1096.64
34017,High,20,0.05,Express Air,Paul Prost,South Dakota,Central,Office Supplies,103.39,4.84,0.71,29.17
34017,High,28,0.01,Regular Air,Paul Prost,South Dakota,Central,Office Supplies,435.39,14.98,7.69,-48.97
43650,,3,0.06,Regular Air,William Brown,Georgia,South,Technology,1759.65,599.99,24.49,-2213.75
43650,,7,0.05,Regular Air,William Brown,Georgia,South,Office Supplies,88.59,11.97,5.81,-26.29
50338,,36,0,Regular Air,Liz Price,Michigan,Central,Technology,551.44,13.99,7.51,28.7
57382,Medium,25,0.09,Regular Air,George Ashbrook,Texas,Central,Office Supplies,106.04,4.55,1.49,16.9
57382,Medium,45,0.07,Express Air,George Ashbrook,Texas,Central,Office Supplies,452.93,9.78,5.76,20.14
32451,,42,0.1,Regular Air,Nat Carroll,Texas,Central,Office Supplies,580.56,14.28,2.99,163.63
37794,Low,6,0.08,Regular Air,Michael Oakman,Florida,South,Furniture,60.67,9.48,7.29,10.29
37794,Low,32,0.03,Regular Air,Michael Oakman,Florida,South,Office Supplies,6195.87,193.17,19.99,781.03
38721,Critical,17,0.1,Regular Air,Troy Staebel,MA,East,Furniture,107.56,6.64,54.95,-25
38721,Critical,15,0.05,Regular Air,Troy Staebel,MA,East,Office Supplies,1386.69,90.48,19.99,363
57415,Medium,6,0.02,Regular Air,Tamara Chand,Texas,Central,Office Supplies,101.52,15.42,5.41,-16.37
58628,Medium,23,0.09,Delivery Truck,Dionis Lloyd,New York,East,Furniture,2527.792,138.75,52.42,-335.32
323,Critical,20,0.07,Regular Air,Dario Medina,Arizona,West,Office Supplies,108.09,5.68,1.39,25.76
323,Critical,2,0.06,Regular Air,Dario Medina,Arizona,West,Office Supplies,55.34,22.84,11.54,-31.24
1892,Low,47,0.05,Regular Air,Joe Kamberova,Pennsylvania,East,Office Supplies,193.63,3.98,5.26,-152.52
1892,Low,9,0.01,Regular Air,Joe Kamberova,Pennsylvania,East,Office Supplies,64.29,6.48,5.4,-18.85
10148,Low,27,0.02,Delivery Truck,Christopher Martinez,Colorado,West,Furniture,14357.85,500.98,41.44,3309.55
38565,Critical,20,0.01,Express Air,Justin Knight,Iowa,Central,Furniture,234.09,10.64,5.16,-11.69
51266,,11,0.04,Regular Air,Michael Grace,South Carolina,South,Technology,1610.29,150.98,13.99,221.38
51266,,30,0.01,Regular Air,Michael Grace,South Carolina,South,Office Supplies,617.51,18.97,9.03,98.1
51266,,23,0.03,Regular Air,Michael Grace,South Carolina,South,Office Supplies,278.83,12.28,4.86,35.16
51266,,46,0.05,Express Air,Michael Grace,South Carolina,South,Office Supplies,1605.22,34.99,7.73,230.03
3653,Critical,41,0.08,Regular Air,Lynn Smith,Virginia,South,Office Supplies,271.11,6.68,1.5,64.79
31174,,20,0.07,Regular Air,Muhammed Yedwab,Virginia,South,Office Supplies,4520.6,225.04,11.79,1944.38
31174,,29,0.03,Regular Air,Muhammed Yedwab,Virginia,South,Office Supplies,225.25,7.84,4.71,-7.59
46407,,7,0.1,Regular Air,Rick Huthwaite,California,West,Office Supplies,38.37,5.18,5.74,-29
51554,Medium,7,0.05,Delivery Truck,Liz Pelletier,North Carolina,South,Office Supplies,545.04,68.81,60,-210.06
51554,Medium,29,0.09,Regular Air,Liz Pelletier,North Carolina,South,Office Supplies,606.91,20.89,11.52,-271.77
21633,Medium,29,0.08,Regular Air,Keith Dawkins,Arkansas,South,Furniture,547.82,18.7,8.99,69.63
22562,Medium,46,0.08,Delivery Truck,Jennifer Ferguson,New York,East,Technology,9304.2,213.45,14.7,1981.17
22562,Medium,31,0.1,Regular Air,Jennifer Ferguson,New York,East,Office Supplies,1685.05,55.98,13.88,518.07
22562,Medium,3,0,Regular Air,Jennifer Ferguson,New York,East,Office Supplies,57.48,16.06,8.34,-28.09
28354,Low,34,0.1,Regular Air,Dave Kipp,California,West,Technology,507.66,15.98,4,106.71
32869,Medium,41,0.06,Regular Air,Christopher Schild,Indiana,Central,Technology,322.03,8.12,2.83,-82.83
32869,Medium,49,0.05,Regular Air,Christopher Schild,Indiana,Central,Furniture,2470.84,51.65,18.45,25.04
32869,Medium,2,0.01,Regular Air,Christopher Schild,Indiana,Central,Office Supplies,15.26,6.68,1.5,-7.51
32869,Medium,39,0.1,Regular Air,Christopher Schild,Indiana,Central,Technology,5250.6625,175.99,8.99,930.99
33319,,11,0.01,Delivery Truck,Don Weiss,Pennsylvania,East,Furniture,1736.26,150.89,60.2,-505.76
39750,High,7,0.01,Regular Air,Adam Shillingsburg,Oregon,West,Technology,140.59,17.98,8.51,-35.88
50816,High,25,0.07,Regular Air,Anthony Johnson,Iowa,Central,Office Supplies,286.07,11.97,4.98,-35.94
50816,High,26,0.03,Regular Air,Anthony Johnson,Iowa,Central,Office Supplies,733.92,28.53,1.49,302.8
50816,High,6,0.01,Regular Air,Anthony Johnson,Iowa,Central,Technology,99.11,15.28,1.99,-12.46
53953,,36,0.07,Regular Air,Heather Jas,Michigan,Central,Office Supplies,307.65,8.95,2.01,91.73
2144,Medium,40,0.08,Regular Air,Jonathan Doherty,North Carolina,South,Technology,5945.3675,175.99,4.99,1585.48
4516,Medium,42,0.05,Regular Air,Ryan Crowe,Florida,South,Office Supplies,294.78,6.68,6.93,-113.45
9478,High,48,0.04,Regular Air,Philip Brown,South Dakota,Central,Furniture,522.97,10.4,5.4,29.98
9478,High,48,0.08,Regular Air,Philip Brown,South Dakota,Central,Office Supplies,199.46,4.28,4.79,-121.2
48357,,16,0.04,Regular Air,Eileen Kiefer,Texas,Central,Technology,2365.43,150.98,13.99,619.71
52576,Low,10,0.03,Delivery Truck,Tony Sayre,Alabama,South,Technology,958.18,90.97,14,126.81
58116,Critical,6,0.01,Delivery Truck,Nick Zandusky,Georgia,South,Furniture,171.77,25.98,14.36,-59.88
16229,High,27,0.04,Regular Air,Nora Paige,California,West,Technology,1068.7,40.98,6.5,-89.5
16229,High,19,0.05,Regular Air,Nora Paige,Maine,East,Technology,568.7435,35.99,3.3,143.79
49125,,29,0.05,Express Air,Edward Becker,Texas,Central,Office Supplies,177.41,5.78,7.64,-116.05
58688,,18,0.08,Regular Air,Grant Carroll,Illinois,Central,Office Supplies,215.93,11.97,5.81,-41.87
2915,Low,41,0.07,Regular Air,Tim Brockman,Idaho,West,Office Supplies,231.26,5.98,0.96,32.83
2915,Low,23,0.01,Regular Air,Tim Brockman,Idaho,West,Technology,987.17,39.98,4,51.59
10949,Medium,46,0.1,Delivery Truck,Ashley Jarboe,Georgia,South,Technology,3449.26,80.97,30.06,252.77
22755,Medium,35,0,Regular Air,Fred Harton,Colorado,West,Office Supplies,187.84,4.91,5.68,-95.05
22755,Medium,45,0.04,Regular Air,Fred Harton,Colorado,West,Office Supplies,240.6,5.34,2.99,3.45
22755,Medium,5,0.06,Regular Air,Fred Harton,Colorado,West,Technology,236.878,55.99,5,-275.25
37859,Critical,2,0.01,Regular Air,Tom Stivers,New York,East,Office Supplies,29.03,11.34,5.01,-11.83
29127,Critical,18,0.06,Regular Air,Thea Hudgings,Florida,South,Office Supplies,31.13,1.68,1,-0.81
44772,,1,0.07,Express Air,Dorothy Wardle,Illinois,Central,Technology,54.077,55.99,5,-232.99
48035,Critical,8,0.09,Express Air,Liz Pelletier,North Carolina,South,Technology,155.924,20.99,4.81,-63.12
8295,High,30,0.09,Regular Air,Karen Seio,Alabama,South,Technology,835.1505,35.99,1.1,158.18
8295,High,7,0.01,Regular Air,Karen Seio,Alabama,South,Technology,771.834,125.99,2.5,-295.43
10978,Critical,9,0.06,Delivery Truck,Toby Swindell,Tennessee,South,Furniture,566.53,60.98,30,-209.6
17795,Medium,1,0.06,Regular Air,Troy Staebel,Connecticut,East,Office Supplies,17.62,11.33,6.12,-15.92
42242,,23,0.09,Express Air,Thomas Boland,Wisconsin,Central,Office Supplies,265.31,11.5,7.19,-33.19
42242,,15,0.1,Regular Air,Thomas Boland,Wisconsin,Central,Technology,1444.88,100.97,7.18,236.61
42242,,23,0.07,Regular Air,Thomas Boland,Wisconsin,Central,Technology,2287.1,99.99,19.99,231.49
2754,High,16,0.04,Regular Air,Philip Brown,Ohio,East,Office Supplies,1427.67,90.24,0.99,422.8
2754,High,11,0.09,Express Air,Philip Brown,Ohio,East,Office Supplies,499.26,47.9,5.86,144.05
22978,Medium,28,0.03,Delivery Truck,Anthony Garverick,North Carolina,South,Furniture,1801.95,60.89,32.41,-182.07
48518,Medium,17,0.1,Express Air,Scot Coram,Wisconsin,Central,Office Supplies,585.47,37.94,5.08,178.14
53281,Critical,40,0.08,Delivery Truck,Philip Brown,Texas,Central,Furniture,14075.99,355.98,58.92,1894.14
44225,High,29,0,Regular Air,Nora Price,New York,East,Furniture,1958.32,62.18,10.84,632.29
13959,Medium,47,0.01,Regular Air,Alex Russell,Oregon,West,Office Supplies,228.46,4.91,0.5,112.06
13959,Medium,19,0.09,Express Air,Alex Russell,Oregon,West,Office Supplies,77.61,4,1.3,16.79
22371,High,8,0,Regular Air,Phillip Flathmann,New York,East,Office Supplies,70.55,7.38,11.51,-66.17
25475,Critical,49,0.06,Regular Air,Lena Cacioppo,Iowa,Central,Office Supplies,305.96,6.48,7.49,-191.49
42693,High,33,0.01,Regular Air,Dave Brooks,West Virginia,East,Office Supplies,2118.26,59.76,9.71,554.22
46436,Low,46,0,Regular Air,Odella Nelson,Pennsylvania,East,Technology,1477.572,35.99,0.99,840.05
13765,,45,0.1,Regular Air,Scot Wooten,Arkansas,South,Office Supplies,1553.38,36.55,13.89,180.88
36452,High,26,0.1,Regular Air,Eudokia Martin,Texas,Central,Office Supplies,564.98,22.38,15.1,-107.51
36452,High,18,0.04,Regular Air,Eudokia Martin,Texas,Central,Furniture,129.48,6.98,2.83,46.01
50016,High,15,0.05,Regular Air,Harold Dahlen,South Carolina,South,Technology,1093.6355,85.99,0.99,119.17
5921,Low,27,0.01,Express Air,Maurice Satty,Florida,South,Office Supplies,384.74,13.43,5.5,2.69
10851,High,50,0.09,Regular Air,Jenna Caffey,Indiana,Central,Office Supplies,608.21,12.88,4.59,-175.13
10851,High,14,0.02,Express Air,Jenna Caffey,Pennsylvania,East,Technology,570.5285,45.99,4.99,3.96
14114,Critical,29,0.03,Regular Air,Dave Poirier,Maine,East,Office Supplies,65.16,2.18,1.38,-7.04
14114,Critical,38,0.01,Delivery Truck,Dave Poirier,New Jersey,East,Furniture,6532.48,170.98,35.89,538.52
14114,Critical,41,0.05,Regular Air,Dave Poirier,New Jersey,East,Furniture,241.9,5.77,5.92,-136.7
14530,High,17,0.06,Regular Air,Tracy Blumstein,South Carolina,South,Office Supplies,1556.61,89.83,35,-485.55
14530,High,49,0.1,Regular Air,Tracy Blumstein,South Carolina,South,Office Supplies,645.14,13.43,5.5,-26.32
14530,High,44,0.01,Regular Air,Tracy Blumstein,South Carolina,South,Technology,4851.5025,125.99,7.69,1371.67
26918,Low,16,0.05,Regular Air,Russell Applegate,Nebraska,Central,Office Supplies,77.96,4.84,0.71,16.65
35361,Medium,40,0.09,Express Air,Corey Lock,California,West,Office Supplies,746.93,18.97,9.03,67.03
35361,Medium,37,0,Regular Air,Corey Lock,California,West,Office Supplies,313.4,8.34,4.82,-5.05
40544,Low,39,0.06,Regular Air,Michelle Ellison,Wisconsin,Central,Furniture,2413.53,60.65,12.23,544.04
42599,Medium,31,0.04,Delivery Truck,Alex Grayson,New Hampshire,East,Furniture,9459.94,300.98,54.92,2023.75
3777,Medium,14,0.06,Express Air,Christine Kargatis,Nebraska,Central,Furniture,244.85,17.67,8.99,38.06
5509,Low,11,0.02,Regular Air,Ashley Jarboe,Arizona,West,Office Supplies,68.46,5.58,5.3,-22.48
5509,Low,21,0.03,Regular Air,Ashley Jarboe,Arizona,West,Furniture,885.23,40.89,18.98,78.98
8994,Low,36,0.1,Regular Air,Christopher Schild,Indiana,Central,Technology,1423.35,40.48,19.99,-580.32
10277,Medium,36,0,Regular Air,Grant Thornton,California,West,Technology,2144.924,65.99,5.26,542.25
34432,,20,0.08,Regular Air,Nora Pelletier,Florida,South,Office Supplies,244.39,12.53,0.5,114.1
34432,,3,0.02,Regular Air,Nora Pelletier,Florida,South,Office Supplies,581.42,178.47,19.99,-129.97
1189,Critical,27,0,Regular Air,Aaron Smayling,New York,East,Office Supplies,129.1,4.42,4.99,-59.82
2722,Low,46,0.06,Regular Air,Jay Fine,MA,East,Technology,1895.55,40.97,1.99,807.62
12768,Critical,34,0.01,Express Air,Kelly Lampkin,Texas,Central,Office Supplies,1562.97,42.98,4.62,501.59
13028,Critical,39,0.05,Regular Air,Stuart Van,New York,East,Office Supplies,1357.53,35.44,5.09,562.92
31171,,37,0.08,Regular Air,Parhena Norris,Minnesota,Central,Office Supplies,161.02,4.55,1.49,32.19
36838,Low,3,0.06,Express Air,Marc Crier,Arkansas,South,Office Supplies,32.76,6.3,0.5,11.29
8646,High,8,0.03,Regular Air,Emily Ducich,Florida,South,Office Supplies,85.85,4.48,49,-327.65
8646,High,41,0.06,Delivery Truck,Emily Ducich,Florida,South,Furniture,14377.78,350.99,39,4161.98
8646,High,26,0.09,Express Air,Emily Ducich,Florida,South,Technology,994.27,40.98,6.5,-127.11
8646,High,29,0.09,Delivery Truck,Emily Ducich,Florida,South,Furniture,9558.65,349.45,60,2154.07
11174,Medium,30,0.07,Regular Air,Evan Henry,California,West,Technology,3197.003,125.99,7.69,603.46
27491,,11,0.04,Regular Air,Roy Collins,Tennessee,South,Office Supplies,985.01,90.48,19.99,186.05
27491,,36,0.02,Regular Air,Roy Collins,Tennessee,South,Furniture,350.71,9.77,6.02,-15.3
27491,,2,0.09,Regular Air,Roy Collins,Tennessee,South,Office Supplies,75.23,34.99,7.73,-51.5
39815,Low,43,0.05,Regular Air,Roy French,Texas,Central,Technology,4075.376,115.99,8.99,841.73
40258,,31,0.05,Regular Air,Michelle Ellison,Wisconsin,Central,Office Supplies,449.47,14.81,13.32,-190.49
40258,,29,0.08,Regular Air,Michelle Ellison,Wisconsin,Central,Office Supplies,80.61,2.78,1.25,-8.77
45120,Critical,39,0.07,Delivery Truck,Emily Phan,California,West,Technology,14591.44,400.97,48.26,5475.8
58914,Low,46,0.07,Regular Air,Alex Russell,Oregon,West,Technology,99.94,2.12,1.99,-55.84
58914,Low,11,0.07,Regular Air,Alex Russell,Oregon,West,Office Supplies,18.7,1.76,0.7,-3.36
19975,,33,0.08,Regular Air,Emily Phan,Alabama,South,Office Supplies,362.17,11.7,6.96,-83.96
20519,High,7,0.03,Regular Air,Brad Thomas,California,West,Technology,124.19,15.99,11.28,-53.3
20838,,5,0.05,Regular Air,Shahid Shariari,Michigan,Central,Office Supplies,20.17,3.28,3.97,-15.42
20838,,21,0.03,Regular Air,Shahid Shariari,Michigan,Central,Office Supplies,235.98,10.98,3.37,11.82
27456,,29,0.05,Delivery Truck,Duane Benoit,Nebraska,Central,Office Supplies,9492.92,328.14,91.05,772.04
29219,,29,0.04,Regular Air,Nat Carroll,Texas,Central,Office Supplies,203.4,7.08,2.35,24.59
29284,Medium,20,0.01,Delivery Truck,David Kendrick,California,West,Furniture,6449.056,400.98,42.52,1116.02
43269,Critical,16,0,Regular Air,James Lanier,Texas,Central,Office Supplies,843.15,48.91,5.81,355
43269,Critical,24,0.08,Regular Air,James Lanier,Texas,Central,Office Supplies,3978.02,165.98,19.99,1336.96
51047,Medium,28,0.02,Express Air,Ellis Ballard,New Jersey,East,Furniture,65.7,1.76,4.86,-83.54
51047,Medium,38,0.03,Regular Air,Ellis Ballard,New Jersey,East,Furniture,1685.07,41.47,34.2,-681.97
36706,,47,0.1,Regular Air,Brad Eason,Nebraska,Central,Office Supplies,887.45,20.98,1.49,365.79
36706,,7,0.03,Regular Air,Brad Eason,Nebraska,Central,Office Supplies,355.97,48.04,19.99,-4.46
56677,High,35,0,Regular Air,Roy Skaria,Nebraska,Central,Furniture,430.55,12.22,2.85,120.01
58279,Medium,44,0.03,Regular Air,Emily Phan,California,West,Office Supplies,1317.34,30.56,2.99,555.93
55040,High,8,0.05,Regular Air,Dave Kipp,California,West,Office Supplies,292.38,35.51,6.31,6.11
55040,High,24,0.1,Regular Air,Dave Kipp,California,West,Office Supplies,191.79,8.34,2.64,-6.34
55040,High,34,0.03,Regular Air,Dave Kipp,California,West,Office Supplies,290.01,8.04,8.94,-160.28
55040,High,2,0.08,Delivery Truck,Dave Kipp,California,West,Technology,4692.26,2550.14,29.7,-7373.13
9635,Critical,1,0.05,Regular Air,Andy Reiter,New Jersey,East,Office Supplies,3.42,1.88,1.49,-2.91
44448,Critical,28,0.02,Regular Air,Raymond Fair,Vermont,East,Technology,951.06,33.98,1.99,331.27
55046,Critical,2,0.08,Express Air,Thais Sissman,Florida,South,Office Supplies,29.32,7.28,11.15,-12.93
8422,Medium,33,0.01,Express Air,Becky Martin,New Hampshire,East,Technology,1003.71,29.1,4,-22.82
8422,Medium,18,0.06,Delivery Truck,Becky Martin,Maine,East,Furniture,4212.752,296.18,54.12,-715.78
32999,Low,14,0.09,Delivery Truck,David Flashing,Connecticut,East,Furniture,1386.65,100.98,35.84,-193.58
33220,,49,0.09,Regular Air,Carl Weiss,Mississippi,South,Office Supplies,3291.13,70.97,3.5,925.95
33220,,40,0.1,Regular Air,Carl Weiss,Mississippi,South,Furniture,736.96,19.98,10.49,-34.29
35041,,28,0.01,Regular Air,Jasper Cacioppo,New York,East,Office Supplies,443.73,15.16,15.09,-200.86
58818,Critical,41,0.01,Regular Air,James Galang,Virginia,South,Technology,998.05,22.98,1.99,391.14
58818,Critical,20,0.1,Delivery Truck,James Galang,Virginia,South,Furniture,4353.02,226.67,28.16,661.77
96,High,37,0.01,Regular Air,Keith Dawkins,Arkansas,South,Technology,4158.1235,125.99,8.99,1228.89
19584,Critical,6,0.05,Delivery Truck,Maria Zettner,Wisconsin,Central,Technology,14535.8,2550.14,29.7,-3971.06
50337,,37,0,Express Air,Chris Cortes,California,West,Office Supplies,122.99,2.78,1.49,21.48
50337,,6,0.1,Delivery Truck,Chris Cortes,California,West,Technology,14734.71,2550.14,29.7,-3798.01
2756,Critical,25,0.06,Regular Air,Denny Ordway,California,West,Technology,1344.88,55.94,4,-13.77
2756,Critical,42,0.07,Regular Air,Denny Ordway,California,West,Office Supplies,248.54,6.3,0.5,111.75
11013,High,2,0.01,Regular Air,Ruben Dartt,Washington,West,Technology,226.882,125.99,8.99,-582.65
30407,Low,41,0.02,Regular Air,Patrick Ryan,Georgia,South,Office Supplies,17853.64,419.19,19.99,6227.33
2817,Medium,14,0.1,Regular Air,Luke Schmidt,South Carolina,South,Technology,3830.14,300.97,7.18,202.25
2817,Medium,40,0.06,Regular Air,Luke Schmidt,South Carolina,South,Furniture,1559.86,39.89,3.04,672.37
4674,Critical,23,0.02,Delivery Truck,Christina Anderson,Tennessee,South,Furniture,3041.33,130.98,30,-260.41
8259,Medium,25,0.09,Delivery Truck,Peter Fuller,Georgia,South,Furniture,2130.22,89.99,42,-584.6
11553,Medium,28,0.1,Express Air,Justin Knight,Iowa,Central,Office Supplies,1350.34,52.99,19.99,-517.17
11553,Medium,8,0.07,Delivery Truck,Justin Knight,Iowa,Central,Furniture,861.26,100.98,57.38,-429.86
11553,Medium,20,0.03,Regular Air,Justin Knight,Iowa,Central,Technology,1531.411,85.99,0.99,365.42
54753,Medium,36,0.06,Regular Air,Christopher Schild,Indiana,Central,Technology,4711.244,155.99,3.9,1380.32
994,Low,38,0.06,Regular Air,Kelly Lampkin,Texas,Central,Office Supplies,132.07,3.58,1.63,14
30176,Low,30,0.01,Regular Air,Amy Hunt,Tennessee,South,Furniture,2504.41,79.52,48.2,-547.89
48135,High,20,0.09,Express Air,Matt Collister,Maryland,East,Technology,3960.99,199.99,24.49,631.33
48135,High,40,0.02,Regular Air,Matt Collister,Georgia,South,Furniture,750.14,17.67,8.99,93.68
53798,Low,29,0,Regular Air,Kelly Williams,Utah,West,Office Supplies,2317.65,78.65,13.99,568.6
53798,Low,41,0.08,Delivery Truck,Kelly Williams,Utah,West,Furniture,4987.73,122.99,70.2,-1867.97
59745,,36,0.09,Regular Air,Alejandro Grove,Ohio,East,Office Supplies,18092.66,525.98,19.99,7917.76
19367,High,20,0.09,Regular Air,Amy Hunt,Tennessee,South,Office Supplies,112.42,5.98,2.5,7.4
41474,,35,0,Delivery Truck,Matt Connell,Ohio,East,Furniture,3640.83,100.98,35.84,-6.8
41474,,50,0.09,Regular Air,Matt Connell,Ohio,East,Technology,225.94,4.77,2.39,-89.13
44834,Medium,13,0.1,Express Air,Anthony Rawles,Colorado,West,Office Supplies,248.76,19.98,5.77,35.09
44834,Medium,43,0.06,Delivery Truck,Anthony Rawles,Colorado,West,Furniture,10984.05,259.71,66.67,785.63
49511,High,35,0.03,Express Air,Eugene Moren,Kentucky,South,Office Supplies,150.29,3.69,2.5,5.04
28736,High,26,0.06,Regular Air,Lindsay Castell,New York,East,Office Supplies,1029.29,40.99,17.48,109.16
35813,Critical,21,0.05,Express Air,Tracy Collins,Florida,South,Office Supplies,7841.57,363.25,19.99,2347.18
35813,Critical,21,0.06,Express Air,Tracy Collins,Florida,South,Furniture,156.31,7.59,4,-9.81
40997,Low,12,0.05,Express Air,Odella Nelson,Ohio,East,Office Supplies,382.29,30.98,9.18,61.47
40997,Low,37,0.05,Regular Air,Odella Nelson,Ohio,East,Office Supplies,881.74,22.99,8.99,18.27
40997,Low,1,0.03,Regular Air,Odella Nelson,Ohio,East,Office Supplies,22.61,14.97,7.51,-8.4
40997,Low,33,0.04,Delivery Truck,Odella Nelson,Ohio,East,Furniture,7384.18,212.6,110.2,-513.79
56807,High,1,0.06,Regular Air,Scott Cohen,Ohio,East,Office Supplies,47.04,42.98,4.62,-24.63
9669,Medium,18,0.04,Express Air,Christine Abelman,Virginia,South,Office Supplies,292.11,15.42,10.68,-91.95
13056,,33,0.05,Regular Air,Raymond Fair,Vermont,East,Technology,3387.32,100.98,7.18,1413.52
17315,Low,29,0.07,Regular Air,Joy Smith,Indiana,Central,Office Supplies,159.11,5.43,0.95,64.01
25927,Medium,14,0.02,Regular Air,Rick Duston,New Jersey,East,Office Supplies,422.83,29.74,6.64,-21.06
25927,Medium,43,0.08,Regular Air,Rick Duston,Connecticut,East,Office Supplies,945.9,22.01,5.53,105.7
48257,Low,45,0.02,Regular Air,Christina Anderson,Tennessee,South,Office Supplies,221.06,4.57,5.42,-124.28
3808,Critical,2,0.08,Regular Air,Lynn Smith,Virginia,South,Office Supplies,6.13,2.89,0.49,-2.83
9665,Low,50,0.02,Regular Air,Eugene Hildebrand,Texas,Central,Office Supplies,2348.66,46.89,5.1,921.41
9665,Low,19,0.05,Delivery Truck,Eugene Hildebrand,Texas,Central,Furniture,2657.12,140.98,36.09,-373.09
9665,Low,49,0.1,Delivery Truck,Eugene Hildebrand,Texas,Central,Furniture,9579.62,212.6,110.2,-3465.07
44517,Medium,5,0.03,Regular Air,Christy Brittain,California,West,Office Supplies,32.5,5.28,5.61,-16.67
50625,Medium,10,0.08,Regular Air,Frank Merwin,Utah,West,Office Supplies,29.12,2.88,0.5,7.13
18336,,1,0,Express Air,Giulietta Dortch,California,West,Office Supplies,7.96,2.88,0.7,-0.11
24870,Low,38,0.03,Regular Air,Jim Epp,Virginia,South,Technology,1396.58,35.41,1.99,600.72
24870,Low,45,0,Regular Air,Jim Epp,Virginia,South,Office Supplies,6448.69,142.86,19.99,1663.35
51943,High,11,0.04,Regular Air,Dorris Love,New York,East,Office Supplies,113.19,9.06,9.86,-53.25
51943,High,13,0.04,Regular Air,Dorris Love,New York,East,Office Supplies,196.04,14.27,7.27,2.13
51943,High,28,0.03,Regular Air,Dorris Love,New York,East,Office Supplies,140.02,4.91,0.5,66.71
55459,Critical,5,0,Regular Air,Larry Tron,Utah,West,Office Supplies,126.95,22.84,8.18,-4.17
11712,Low,9,0.06,Regular Air,Nicole Brennan,Wyoming,West,Office Supplies,38.96,4.28,0.94,0.37
13606,,34,0.07,Regular Air,Mike Vittorini,Michigan,Central,Office Supplies,109.86,3.38,0.85,19.04
23042,Medium,20,0.04,Regular Air,Nicole Brennan,California,West,Office Supplies,8048.45,419.19,19.99,1947.67
34567,Low,18,0.03,Delivery Truck,Katrina Bavinger,MO,Central,Furniture,3344.11,180.98,26.2,588.54
12642,Critical,10,0.09,Express Air,Neil Knudson,North Carolina,South,Office Supplies,564.85,58.1,1.49,181.02
12642,Critical,14,0.01,Regular Air,Neil Knudson,North Carolina,South,Technology,572.33,39.98,7.12,-62.28
14342,Low,38,0.09,Regular Air,Deborah Brumfield,Arkansas,South,Technology,10823.84,300.97,7.18,3857.43
29380,,13,0.09,Regular Air,Anna Gayman,Oklahoma,Central,Office Supplies,150.13,12.28,4.86,1.73
43330,,40,0.03,Regular Air,Fred Wasserman,Illinois,Central,Technology,2205.7585,65.99,8.99,337.04
23524,High,28,0.04,Express Air,Sandra Glassco,North Dakota,Central,Office Supplies,129.33,4.13,0.99,48.25
23524,High,46,0.06,Regular Air,Sandra Glassco,North Dakota,Central,Office Supplies,2461.23,55.48,14.3,748.2
28839,Low,30,0.06,Express Air,Anthony Johnson,Iowa,Central,Office Supplies,102.95,3.34,7.49,-175.86
38501,Critical,11,0.05,Regular Air,Guy Phonely,Ohio,East,Office Supplies,78.68,6.48,6.22,-29.07
54595,Medium,30,0.02,Regular Air,Erica Hernandez,Rhode Island,East,Office Supplies,250.29,8.34,2.64,6.79
54595,Medium,41,0.09,Delivery Truck,Erica Hernandez,Vermont,East,Furniture,5258.94,130.98,30,-421.76
4514,Medium,28,0.08,Regular Air,Yoseph Carroll,Washington,West,Technology,2841.4395,125.99,7.69,374.63
17669,High,32,0.04,Regular Air,Corey Roper,California,West,Office Supplies,1116.03,34.76,5.49,203.44
44320,Medium,49,0.1,Regular Air,Sally Knutson,Iowa,Central,Furniture,7002.08,154.13,69,-1640.51
55940,,29,0.03,Regular Air,Janet Martin,Connecticut,East,Technology,2925.78,100.98,7.18,1041.29
41154,Low,43,0.02,Regular Air,Roger Barcio,Nevada,West,Office Supplies,938.37,21.98,2.87,251.17
45380,Critical,34,0.06,Express Air,Charles Crestani,California,West,Technology,1912.9845,65.99,8.8,288.09
45380,Critical,24,0,Express Air,Charles Crestani,California,West,Technology,4170.865,195.99,4.2,1030.51
7431,Medium,33,0.03,Regular Air,Georgia Rosenberg,Utah,West,Furniture,78.81,2.23,4.57,-93.25
10146,Low,19,0.1,Regular Air,Evan Henry,California,West,Furniture,596.21,34.23,5.02,211.59
13635,Critical,28,0.06,Regular Air,Randy Ferguson,Tennessee,South,Office Supplies,149,4.98,7.44,-119.48
13635,Critical,49,0.01,Regular Air,Randy Ferguson,Tennessee,South,Office Supplies,334.29,6.48,7.37,-157.28
15815,Critical,43,0.01,Regular Air,Mitch Willingham,Georgia,South,Office Supplies,528.6,11.7,5.63,52.59
15815,Critical,24,0.03,Regular Air,Mitch Willingham,Georgia,South,Office Supplies,107.41,4.55,1.49,20.68
31364,,2,0.07,Regular Air,Beth Thompson,Illinois,Central,Office Supplies,789.01,415.88,11.37,-539.59
39460,,25,0.09,Regular Air,Stephanie Ulpright,Ohio,East,Office Supplies,172.42,7.1,6.05,-71.6
39460,,19,0.02,Regular Air,Stephanie Ulpright,Ohio,East,Technology,2033.9225,125.99,2.5,251.2
40998,Medium,43,0.05,Regular Air,Nora Paige,California,West,Technology,1233.22,29.89,1.99,385.46
40998,Medium,39,0.08,Regular Air,Nora Paige,California,West,Office Supplies,144.82,4,1.3,28.4
59363,High,24,0.06,Regular Air,Alyssa Tate,California,West,Office Supplies,158.91,6.68,5.2,-38.57
6310,,27,0.08,Regular Air,Katharine Harms,New Mexico,West,Furniture,216.95,8.09,7.96,-88.82
36224,Medium,15,0.09,Express Air,Robert Dilbeck,Tennessee,South,Office Supplies,1765.45,120.98,3.99,374.82
39141,Low,49,0.09,Regular Air,Jim Kriz,Ohio,East,Office Supplies,1400.91,30.98,19.51,-163.53
39141,Low,47,0.03,Regular Air,Jim Kriz,Ohio,East,Furniture,2259.66,49.34,10.25,554.77
1824,Critical,39,0.06,Regular Air,Becky Pak,Oregon,West,Furniture,10656.26,276.2,24.49,3116.54
1824,Critical,2,0.09,Regular Air,Becky Pak,Oregon,West,Furniture,17.06,6.28,5.29,-5.2
2853,High,25,0.05,Express Air,Bill Tyler,California,West,Office Supplies,4253.65,178.47,19.99,943
4389,Medium,35,0.07,Regular Air,Victoria Pisteka,Idaho,West,Office Supplies,179.45,5.34,5.63,-116.35
4389,Medium,49,0.03,Delivery Truck,Victoria Pisteka,Idaho,West,Furniture,7987.43,160.98,30,1304.9
4389,Medium,42,0.04,Express Air,Victoria Pisteka,Idaho,West,Technology,2455.276,65.99,5.63,693.06
49607,Medium,6,0.06,Regular Air,Georgia Rosenberg,Virginia,South,Technology,1056.6435,205.99,8.99,-586.2
962,Low,33,0.06,Regular Air,Mike Vittorini,Michigan,Central,Office Supplies,4064.05,122.99,19.99,1408.19
962,Low,47,0.08,Delivery Truck,Mike Vittorini,Michigan,Central,Office Supplies,3213.87,68.81,60,-1069.72
27938,Medium,40,0.05,Regular Air,Noel Staavos,Maine,East,Office Supplies,1233.51,30.98,9.18,308.67
38503,Low,47,0.04,Regular Air,Melanie Page,Texas,Central,Office Supplies,5567.79,120.98,3.99,1726.66
38503,Low,10,0.02,Regular Air,Melanie Page,Texas,Central,Technology,503.2935,55.99,5,-222.82
38503,Low,32,0.05,Delivery Truck,Melanie Page,Texas,Central,Furniture,796.03,23.99,15.68,-133.71
50850,Critical,37,0,Regular Air,Greg Guthrie,Indiana,Central,Office Supplies,1599.54,40.98,7.47,578.14
50850,Critical,2,0.02,Delivery Truck,Greg Guthrie,Indiana,Central,Furniture,942.42,417.4,75.23,-634.87
51873,High,29,0.04,Regular Air,Muhammed Yedwab,Virginia,South,Office Supplies,265.92,9.11,2.15,79.67
1665,High,26,0.05,Regular Air,John Lucas,Ohio,East,Technology,755.6075,35.99,1.1,149.17
1829,High,48,0.07,Regular Air,Tom Stivers,Louisiana,South,Office Supplies,133.04,2.78,1.49,6.73
11426,Medium,19,0.01,Regular Air,Laurel Beltran,South Carolina,South,Technology,333.68,16.48,1.99,81.96
17313,High,27,0.07,Express Air,Scott Cohen,Colorado,West,Office Supplies,130.49,4.76,0.88,47.09
24452,High,18,0.08,Regular Air,Valerie Takahito,Florida,South,Office Supplies,115.71,6.48,8.4,-91.61
33696,High,2,0.06,Regular Air,Bradley Drucker,California,West,Technology,57.73,27.48,4,-101.41
38756,Critical,43,0.09,Express Air,Benjamin Patterson,Pennsylvania,East,Technology,2251.497,65.99,8.99,308.93
41253,Medium,5,0.07,Regular Air,Steve Nguyen,Ohio,East,Technology,1455.49,300.97,7.18,-807.59
7364,High,15,0.09,Regular Air,Mary Zewe,MO,Central,Office Supplies,260.39,16.98,12.39,-48.57
30759,,2,0.03,Regular Air,Brad Thomas,California,West,Furniture,64.79,29.34,7.87,-41.32
55525,Low,1,0.06,Regular Air,Liz MacKendrick,Virginia,South,Technology,291.4,300.97,7.18,-763.16
4839,Critical,24,0.05,Regular Air,Sally Hughsby,Ohio,East,Office Supplies,159.43,6.48,8.73,-120.59
42631,High,41,0.05,Regular Air,Jeremy Lonsdale,North Carolina,South,Technology,257.66,6.48,2.74,-69.23
42631,High,18,0.09,Regular Air,Jeremy Lonsdale,North Carolina,South,Office Supplies,211.4,12.53,0.5,91.63
42631,High,44,0.06,Regular Air,Jeremy Lonsdale,North Carolina,South,Office Supplies,287.22,6.68,5.41,-72.93
42631,High,22,0.08,Express Air,Jeremy Lonsdale,North Carolina,South,Technology,1148.0355,65.99,8.99,21.98
39908,Low,23,0.1,Regular Air,Neil Knudson,North Carolina,South,Office Supplies,753.75,34.99,7.73,31.17
45218,Low,49,0.08,Regular Air,Robert Waldorf,MO,Central,Technology,309.46,6.48,2.74,-82.64
23360,Low,30,0.01,Express Air,Jocasta Rupert,Virginia,South,Office Supplies,512.97,15.67,1.39,261.29
33317,High,35,0.08,Regular Air,Jay Fine,California,West,Office Supplies,203.35,4.48,49,-1605.73
33317,High,18,0.03,Regular Air,Jay Fine,California,West,Office Supplies,44.52,2.16,6.05,-90.59
33317,High,5,0.03,Regular Air,Jay Fine,California,West,Office Supplies,58.9,9.71,9.45,-36.9
33317,High,13,0.09,Regular Air,Jay Fine,California,West,Technology,602.4205,55.99,1.25,10.98
49984,Low,14,0.02,Regular Air,Sara Luxemburg,MA,East,Office Supplies,57.28,3.8,1.49,7.31
49984,Low,32,0.02,Regular Air,Sara Luxemburg,MA,East,Office Supplies,227.87,6.48,8.4,-130.61
56197,High,11,0.09,Express Air,Neil French,Louisiana,South,Furniture,28.63,1.74,4.08,-21.17
56197,High,45,0.08,Delivery Truck,Neil French,Louisiana,South,Furniture,8014.624,227.55,32.48,1366.1
1314,Medium,4,0,Regular Air,Justin Knight,Iowa,Central,Office Supplies,42.58,9.27,4.39,-7.61
27460,,7,0.08,Regular Air,Evan Bailliet,Florida,South,Furniture,855.03,128.24,12.65,-1.68
27460,,31,0.04,Regular Air,Evan Bailliet,Florida,South,Technology,196.58,5.98,4.38,-102.16
48772,Medium,44,0.09,Regular Air,Aaron Smayling,Minnesota,Central,Furniture,3202.25,78.69,19.99,991.26
48772,Medium,11,0.01,Regular Air,Aaron Smayling,Minnesota,Central,Office Supplies,81.25,6.48,7.86,-44.54
48772,Medium,18,0.08,Regular Air,Aaron Smayling,Minnesota,Central,Office Supplies,57.17,3.28,2.31,-24.03
48772,Medium,12,0.05,Regular Air,Aaron Smayling,Minnesota,Central,Office Supplies,41.97,3.28,4.2,-37.03
48772,Medium,10,0.05,Regular Air,Aaron Smayling,Minnesota,Central,Office Supplies,35.64,3.58,1.63,-0.71
4647,Medium,33,0.01,Regular Air,Carlos Meador,Maine,East,Technology,1590.163,55.99,5,-57.54
4647,Medium,34,0.06,Regular Air,Carlos Meador,New Hampshire,East,Office Supplies,482.93,13.9,7.59,-67.59
4647,Medium,7,0.03,Regular Air,Carlos Meador,Connecticut,East,Office Supplies,1203.73,162.93,19.99,293.14
4647,Medium,6,0.01,Regular Air,Carlos Meador,Connecticut,East,Office Supplies,75.19,11.58,5.72,-6.61
13314,High,34,0.08,Express Air,Giulietta Dortch,California,West,Office Supplies,89.4,2.62,0.8,22.22
28097,Medium,43,0,Regular Air,Claire Good,Oregon,West,Furniture,2438.7,55.5,52.2,-1413.18
36358,,28,0.06,Regular Air,Dorris Love,New York,East,Technology,865.35,30.42,8.65,-159.25
36358,,22,0.02,Regular Air,Dorris Love,New York,East,Office Supplies,823.07,37.94,5.08,318.25
8132,Low,46,0.08,Express Air,Benjamin Farhat,Arizona,West,Technology,229.35,4.89,4.93,-165.45
8132,Low,45,0.07,Regular Air,Benjamin Farhat,Arizona,West,Office Supplies,294.86,6.68,6.92,-141.12
10659,Critical,40,0,Regular Air,Dave Brooks,Arkansas,South,Office Supplies,227.37,5.28,5.61,-92.07
30852,Critical,35,0.01,Regular Air,Andrew Allen,Colorado,West,Technology,2827.1425,95.99,4.9,713.88
36609,,8,0,Regular Air,Brad Thomas,MA,East,Office Supplies,45.73,4.98,5.49,-23.29
43553,,29,0.05,Regular Air,Bart Folk,New Jersey,East,Office Supplies,143.29,4.98,4.72,-55.54
6656,Critical,45,0.02,Regular Air,Dennis Bolton,Pennsylvania,East,Office Supplies,1802,39.06,10.55,508.96
6656,Critical,50,0.1,Regular Air,Dennis Bolton,Pennsylvania,East,Office Supplies,1832.22,37.7,2.99,805.43
8353,Medium,34,0.06,Regular Air,Brendan Sweed,Washington,West,Technology,286.9,8.32,2.38,-36.63
8353,Medium,16,0.08,Regular Air,Brendan Sweed,Washington,West,Office Supplies,46.4,2.94,0.96,-2.12
10048,,46,0.08,Regular Air,Sonia Sunley,Kansas,Central,Technology,3197.45,73.98,4,97.16
10048,,21,0.02,Regular Air,Sonia Sunley,Kansas,Central,Office Supplies,78.57,3.68,1.32,-20.65
18496,High,30,0.01,Regular Air,Larry Tron,Utah,West,Technology,991.01,30.98,6.5,46.29
18496,High,29,0.01,Regular Air,Larry Tron,Utah,West,Office Supplies,1267.42,40.99,19.99,177.79
41793,High,48,0.05,Regular Air,Adam Bellavance,Montana,West,Furniture,1286.87,26.48,6.93,384.38
263,High,25,0.09,Regular Air,Paul Lucas,California,West,Office Supplies,136.77,5.4,7.78,-136.25
13218,High,18,0.03,Regular Air,Victoria Pisteka,California,West,Office Supplies,513.08,28.53,1.49,198.94
13218,High,16,0.07,Regular Air,Victoria Pisteka,California,West,Office Supplies,98.8,5.98,7.15,-62
21286,Critical,17,0,Express Air,Denny Ordway,California,West,Office Supplies,280.39,14.42,6.75,9.33
24358,Critical,27,0.07,Regular Air,Christine Sundaresam,MO,Central,Office Supplies,7333.45,279.48,35,-207.28
3553,Medium,7,0.06,Regular Air,Roy Skaria,Florida,South,Office Supplies,20.5,2.94,0.96,-4.04
36131,High,43,0.07,Regular Air,Aleksandra Gannaway,Louisiana,South,Office Supplies,354.96,8.34,1.43,151.27
36131,High,26,0.09,Regular Air,Aleksandra Gannaway,Louisiana,South,Office Supplies,130.97,4.98,6.07,-83.42
36131,High,26,0.07,Regular Air,Aleksandra Gannaway,California,West,Office Supplies,493.43,19.84,4.1,120.18
59779,Low,30,0.04,Delivery Truck,Stefania Perrino,Kentucky,South,Furniture,3575.23,113.98,30,87.88
20614,,47,0,Express Air,Arthur Wiediger,Texas,Central,Technology,3596.36,73.98,12.14,326.25
38341,Medium,38,0.09,Regular Air,Brendan Murry,MA,East,Technology,623.1265,20.99,0.99,122.29
38341,Medium,15,0.1,Express Air,Brendan Murry,Maine,East,Office Supplies,62.62,3.36,6.27,-67.06
38341,Medium,5,0.07,Regular Air,Brendan Murry,Maine,East,Office Supplies,64.25,12.28,4.86,-7.94
58147,High,41,0.04,Regular Air,Jack O'Briant,Mississippi,South,Office Supplies,470.74,10.98,3.99,24.09
59207,Critical,3,0.09,Regular Air,Roy Collins,Tennessee,South,Office Supplies,10.12,2.98,1.58,-4.07
59207,Critical,42,0.02,Delivery Truck,Sylvia Foulston,Illinois,Central,Furniture,9502.736,280.98,81.98,-945.56
8930,Medium,14,0.04,Regular Air,Tony Molinari,California,West,Office Supplies,145.86,9.99,11.59,-92.32
55909,Low,2,0.03,Regular Air,Karen Ferguson,New Jersey,East,Office Supplies,32.6,13.43,5.5,-20.57
55909,Low,3,0.07,Regular Air,Karen Ferguson,MA,East,Office Supplies,526.76,172.99,19.99,-93.83
2725,,39,0.01,Express Air,Dave Poirier,California,West,Technology,2178.431,65.99,8.99,396.97
5698,Medium,15,0.09,Regular Air,Kristina Nunn,Michigan,Central,Office Supplies,297.05,20.48,6.32,-16.89
5698,Medium,7,0.06,Regular Air,Kristina Nunn,Michigan,Central,Office Supplies,108.26,15.67,1.39,25.51
20261,Medium,25,0.09,Express Air,Duane Huffman,Texas,Central,Office Supplies,751.52,31.74,12.62,67.11
20261,Medium,36,0.04,Regular Air,Duane Huffman,Texas,Central,Office Supplies,220.48,6.35,1.02,81.91
20261,Medium,21,0.02,Express Air,Duane Huffman,Texas,Central,Technology,1259.4535,65.99,8.99,168.24
20903,High,4,0.04,Delivery Truck,Elizabeth Moffitt,New Jersey,East,Furniture,442.99,100.98,35.84,-152.76
32355,,34,0.01,Regular Air,Daniel Byrd,Nevada,West,Office Supplies,211.86,5.94,9.92,-239.32
32355,,50,0,Regular Air,Daniel Byrd,Nevada,West,Office Supplies,355.03,6.48,5.11,-33.31
13735,Medium,36,0.02,Regular Air,Edward Becker,Texas,Central,Office Supplies,281.71,7.64,1.39,117.38
23170,,20,0.06,Express Air,Tim Brockman,Idaho,West,Furniture,4252.89,218.08,18.06,969.42
25472,High,40,0.03,Regular Air,Bill Shonely,New Jersey,East,Office Supplies,194.02,4.98,0.8,80.35
28069,Low,1,0.02,Express Air,Cyma Kinney,Washington,West,Office Supplies,10.17,5.18,2.04,-4.09
28069,Low,4,0.09,Regular Air,Cyma Kinney,Washington,West,Office Supplies,23.58,5.84,0.83,-2.87
31810,Critical,46,0.03,Regular Air,Lisa Ryan,Montana,West,Furniture,355.55,7.28,7.98,-166.74
38726,Medium,44,0.04,Regular Air,Eugene Hildebrand,Texas,Central,Office Supplies,92.86,2.08,1.49,-11.28
39040,Critical,26,0.03,Regular Air,Astrea Jones,New Jersey,East,Technology,1204.5095,55.99,5,-221.25
39040,Critical,7,0.04,Express Air,Astrea Jones,Connecticut,East,Office Supplies,19.36,1.98,0.7,-1
42949,,40,0.08,Regular Air,Adam Bellavance,Montana,West,Office Supplies,202.11,5,3.39,-17.49
42949,,49,0.07,Regular Air,Adam Bellavance,Montana,West,Technology,630.99,12.99,9.44,-114.64
834,Medium,15,0.01,Delivery Truck,Eugene Moren,Colorado,West,Technology,1813.04,115.99,56.14,-164.4
22818,Critical,50,0.1,Delivery Truck,Mitch Gastineau,New Mexico,West,Furniture,6277.75,130.98,30,-592.43
22818,Low,19,0.08,Regular Air,Mitch Gastineau,New Mexico,West,Technology,360.24,19.98,4,-53.82
25509,Critical,43,0.06,Regular Air,Quincy Jones,Arizona,West,Office Supplies,212.28,4.98,4.95,-103.22
46853,Low,22,0.03,Regular Air,Eudokia Martin,Texas,Central,Technology,5648.69,256.99,11.25,1489.8
57666,,45,0.03,Regular Air,Mathew Reese,New York,East,Office Supplies,1206.15,25.98,4.08,304.2
57666,,44,0.1,Delivery Truck,Mathew Reese,New York,East,Office Supplies,941.99,20.98,53.03,-2111.36
10663,High,40,0.07,Regular Air,Emily Grady,Utah,West,Office Supplies,104.39,2.61,0.5,38.45
19431,,4,0.08,Regular Air,Nathan Gelder,Wisconsin,Central,Office Supplies,16.82,4.13,1.17,-5.54
26758,,46,0.09,Express Air,Justin Ellison,Mississippi,South,Technology,3519.12,77.51,4,315.33
26758,,37,0,Regular Air,Justin Ellison,Mississippi,South,Office Supplies,108.33,2.88,0.7,17
55908,High,44,0.03,Regular Air,Tom Stivers,Maryland,East,Office Supplies,1844.97,42.8,2.99,807.38
5760,,34,0.05,Delivery Truck,Nancy Lomonaco,Texas,Central,Furniture,5261.73,150.98,43.71,650.3
12516,Low,31,0.1,Delivery Truck,Vivek Grady,Ohio,East,Technology,2360.43,80.97,33.6,66.22
12516,Low,22,0.02,Regular Air,Vivek Grady,Ohio,East,Office Supplies,154.6,6.48,5.11,-23.53
23205,High,8,0.08,Express Air,Stuart Calhoun,Ohio,East,Office Supplies,319.62,40.98,7.2,-16.64
23205,High,32,0.08,Express Air,Stuart Calhoun,Ohio,East,Technology,263.39,8.12,2.83,-59.73
23205,High,26,0.02,Delivery Truck,Stuart Calhoun,Ohio,East,Furniture,7208.8,262.11,62.74,-633.44
41091,Medium,32,0.1,Express Air,Harold Dahlen,California,West,Furniture,6310.69,218.08,18.06,1318.83
3589,High,23,0.01,Regular Air,Denise Leinenbach,Maine,East,Office Supplies,72.93,3.15,0.49,28.55
6880,Medium,5,0.06,Regular Air,Peter Buhler,California,West,Office Supplies,235.49,47.9,5.86,21.78
9476,,10,0.08,Express Air,Ruben Dartt,Washington,West,Office Supplies,165.04,15.99,13.18,-66.59
25445,Low,48,0.08,Regular Air,Tracy Hopkins,California,West,Office Supplies,1444,30.56,2.99,617.06
29637,High,34,0.09,Regular Air,Bruce Degenhardt,Arizona,West,Technology,598.19,17.98,8.51,-6.61
39335,,24,0.06,Regular Air,Mitch Webber,New York,East,Technology,113.23,4.77,2.39,-45.64
39335,,34,0.1,Regular Air,Mitch Webber,New York,East,Office Supplies,889.84,27.18,8.23,204.49
59072,,12,0.03,Express Air,Dianna Vittorini,Arizona,West,Office Supplies,78.94,5.44,7.46,-51.7
59072,,22,0.08,Regular Air,Dianna Vittorini,Arizona,West,Office Supplies,576.89,26.38,5.58,175.03
59072,,2,0.06,Regular Air,Dianna Vittorini,Arizona,West,Technology,35.666,20.99,2.5,-112.19
59072,,38,0,Regular Air,Dianna Vittorini,Arizona,West,Technology,4191.5625,125.99,2.5,1286.53
5222,,40,0.01,Delivery Truck,Tonja Turnell,Washington,West,Furniture,14451.75,349.45,60,4503.63
39426,Critical,21,0.05,Regular Air,Sara Luxemburg,New Jersey,East,Office Supplies,56.21,2.62,0.8,12.71
51815,Low,37,0.01,Regular Air,Anthony Rawles,Colorado,West,Office Supplies,227.5,5.94,9.92,-256.52
51815,Low,21,0.02,Regular Air,Anthony Rawles,Colorado,West,Technology,2292.1015,125.99,3,398.36
57153,Critical,9,0.02,Regular Air,Meg O'Connel,MO,Central,Office Supplies,106.05,11.33,6.12,-14.52
57153,Critical,45,0.01,Regular Air,Meg O'Connel,MO,Central,Office Supplies,698.1,15.67,1.39,336.25
17408,,26,0.05,Express Air,Berenike Kampe,MA,East,Office Supplies,149.7,5.4,7.78,-132.63
17408,,41,0.02,Regular Air,Berenike Kampe,Maine,East,Technology,728.127,20.99,4.81,49.79
22402,Critical,33,0.04,Regular Air,Brad Thomas,California,West,Office Supplies,1194.34,37.7,2.99,497.11
22402,Critical,1,0.01,Regular Air,Brad Thomas,California,West,Technology,51.833,55.99,5,-235.9
23076,Critical,50,0.03,Regular Air,Dan Reichenbach,Indiana,Central,Furniture,742.21,14.2,5.3,122.21
6464,Medium,1,0.07,Regular Air,Ralph Arnett,Maryland,East,Office Supplies,57.84,60.97,4.5,-41.77
6464,Medium,42,0,Regular Air,Ralph Arnett,Maryland,East,Furniture,3991.99,90.98,56.2,-1014.11
16225,Critical,30,0.03,Regular Air,Tanja Norvell,Florida,South,Office Supplies,550.29,17.7,9.47,-82.5
21190,Medium,28,0.01,Regular Air,Aaron Smayling,New York,East,Office Supplies,1062.69,35.94,6.66,401.8
56486,Critical,11,0.03,Regular Air,Sheri Gordon,New York,East,Office Supplies,73.62,5.98,5.35,-23.5
58337,Low,18,0.03,Regular Air,Rick Duston,New Jersey,East,Office Supplies,106.45,5.85,2.27,-5.08
1895,Medium,5,0.02,Regular Air,Mitch Willingham,Georgia,South,Office Supplies,41.25,6.48,7.91,-23.25
22342,Low,13,0,Regular Air,Claudia Miner,Illinois,Central,Technology,241.706,20.99,3.3,-92.96
50501,High,31,0.01,Regular Air,John Dryer,Georgia,South,Technology,801.45,23.99,6.3,227.59
42981,Critical,4,0.05,Regular Air,Susan Vittorini,Illinois,Central,Office Supplies,3510.82,896.99,19.99,232.44
50374,,30,0.05,Regular Air,Susan Vittorini,Illinois,Central,Office Supplies,3482.41,120.98,9.07,1443.35
2050,,16,0.06,Regular Air,James Galang,Virginia,South,Office Supplies,44.46,2.89,0.99,5.27
2050,,25,0.08,Regular Air,James Galang,Virginia,South,Office Supplies,542.11,22.84,11.54,-14.76
5639,Medium,31,0.03,Regular Air,Raymond Fair,Vermont,East,Office Supplies,501.38,15.31,8.78,-71.95
7398,,6,0.04,Regular Air,Craig Carroll,Utah,West,Office Supplies,55.77,9.11,2.25,-4.37
7398,,34,0.07,Regular Air,Craig Carroll,Utah,West,Office Supplies,2181.44,64.65,35,-896.34
21766,High,41,0.03,Delivery Truck,Steve Carroll,Minnesota,Central,Furniture,5178.17,120.98,30,531.69
21766,High,32,0.01,Regular Air,Steve Carroll,Minnesota,Central,Furniture,535.24,15.68,3.73,216.43
35461,Critical,11,0.08,Regular Air,Julie Kriz,Florida,South,Office Supplies,48.75,4.49,1.49,3.5
35461,Critical,30,0.04,Regular Air,Julie Kriz,Florida,South,Office Supplies,112.6,3.68,1.32,-25.99
42851,High,4,0.05,Express Air,Robert Marley,Ohio,East,Office Supplies,24.32,4.71,0.7,-2.97
42851,High,7,0.04,Express Air,Robert Marley,Ohio,East,Technology,344.301,55.99,1.25,-22.9
52487,Critical,17,0.09,Regular Air,Nathan Mautz,Minnesota,Central,Office Supplies,124.06,7.78,2.5,15.74
2150,Medium,21,0.01,Delivery Truck,Vivian Mathis,Maryland,East,Furniture,3905.75,179.29,29.21,55.3
6179,,50,0.09,Regular Air,Elpida Rittenbach,Delaware,East,Office Supplies,477.53,9.78,1.39,197.76
6179,,15,0,Regular Air,Elpida Rittenbach,Delaware,East,Technology,2690.7515,200.99,8.08,234.61
48455,Critical,34,0.03,Regular Air,Amy Cox,Connecticut,East,Office Supplies,817.53,22.84,11.54,76.63
48455,Critical,2,0.06,Regular Air,Amy Cox,Vermont,East,Technology,25.96,9.99,6.24,-29.29
48455,Critical,17,0.05,Regular Air,Amy Cox,MA,East,Office Supplies,182.47,10.98,3.37,-3.18
69,,42,0.09,Regular Air,Jonathan Doherty,North Carolina,South,Furniture,1186.06,30.93,3.92,511.69
69,,28,0.03,Express Air,Jonathan Doherty,North Carolina,South,Office Supplies,51.53,1.68,0.7,0.35
5283,Medium,23,0.03,Regular Air,Gary Zandusky,Texas,Central,Technology,2508.673,125.99,7.69,417.47
7905,Low,46,0.08,Delivery Truck,Meg Tillman,Florida,South,Furniture,11057.6,259.71,66.67,183.9
8161,High,45,0.09,Regular Air,Giulietta Dortch,California,West,Office Supplies,112.72,2.61,0.5,39.19
11748,,23,0.01,Delivery Truck,Tamara Willingham,California,West,Furniture,3503.12,145.98,46.2,-168.14
44294,Low,15,0.09,Express Air,Grace Kelly,Utah,West,Office Supplies,107.86,6.48,9.68,-85.29
44294,Low,13,0.09,Delivery Truck,Grace Kelly,Utah,West,Office Supplies,305.6,20.98,45,-445.77
44294,Low,8,0.04,Regular Air,Grace Kelly,Utah,West,Technology,447.0405,65.99,8.99,-206.15
47457,Low,50,0.05,Regular Air,Alejandro Savely,California,West,Office Supplies,8230.77,161.55,19.99,1577.02
8614,Low,13,0.06,Regular Air,Tom Boeckenhauer,Oregon,West,Technology,1289.127,115.99,5.92,-16.34
24647,,3,0,Regular Air,Mitch Webber,New York,East,Technology,3029.97,999.99,13.99,-1820
24647,,34,0.05,Express Air,Mitch Webber,New York,East,Office Supplies,241.04,6.48,5.14,-28.2
47009,Critical,32,0.09,Express Air,Clytie Kelty,Pennsylvania,East,Technology,1587.16,49.99,19.99,-22.33
52002,High,11,0.06,Delivery Truck,Cindy Stewart,Arizona,West,Furniture,2489.85,218.75,69.64,-566.5
21958,High,14,0.09,Regular Air,Sally Hughsby,Ohio,East,Office Supplies,4998.03,363.25,19.99,1092.94
55392,Critical,20,0.02,Regular Air,Christy Brittain,Rhode Island,East,Office Supplies,129.3,6.47,1.22,40.2
55392,Critical,39,0.07,Regular Air,Christy Brittain,MA,East,Office Supplies,104.97,2.84,0.93,3.21
6434,High,13,0.07,Regular Air,Rob Haberlin,Iowa,Central,Office Supplies,59.58,4.76,0.88,14.49
19010,Low,18,0,Regular Air,Grant Carroll,Illinois,Central,Office Supplies,23792.93,1270.99,19.99,10951.31
39780,Low,33,0.02,Regular Air,Chuck Sachs,New Jersey,East,Office Supplies,1683.69,48.04,5.79,809.97
39780,Low,48,0.04,Regular Air,Chuck Sachs,Maine,East,Furniture,2208.31,45.98,4.8,569.08
46499,Critical,1,0.06,Regular Air,George Zrebassa,California,West,Office Supplies,46.94,44.01,3.5,-26.54
46499,Critical,22,0.07,Regular Air,George Zrebassa,California,West,Office Supplies,89.96,4.06,6.89,-115.21
46499,Critical,10,0.1,Regular Air,George Zrebassa,California,West,Office Supplies,12.95,1.26,0.7,-6.78
50432,Low,7,0.02,Delivery Truck,Jim Epp,Virginia,South,Furniture,2161.36,284.98,69.55,-92.37
50432,Low,45,0.08,Regular Air,Jim Epp,Virginia,South,Office Supplies,2494.92,55.48,14.3,816.72
54342,Low,35,0.05,Express Air,Pauline Webber,Idaho,West,Technology,3439.39,100.97,7.18,1057.62
54342,Low,2,0.02,Regular Air,Pauline Webber,Idaho,West,Office Supplies,10.48,4.84,0.71,-5.65
17446,Critical,15,0,Express Air,Ben Wallace,New York,East,Office Supplies,138.84,8.34,2.64,8.75
24869,,14,0.05,Regular Air,Nat Gilpin,Oklahoma,Central,Office Supplies,132.72,8.85,5.6,-9.18
36230,High,7,0,Regular Air,Tom Prescott,Connecticut,East,Technology,57.03,7.28,3.52,-31.38
5155,High,14,0.01,Regular Air,Pete Takahito,Maryland,East,Technology,569.21,39.98,4,-38.51
26466,Critical,29,0.01,Regular Air,Rick Wilson,North Carolina,South,Technology,909.721,35.99,5.99,287.99
40707,High,26,0,Regular Air,Harold Pawlan,Nebraska,Central,Technology,1495.184,65.99,8.99,211.09
46627,Critical,3,0.05,Regular Air,Eva Jacobs,Oklahoma,Central,Office Supplies,21.46,5.28,6.26,-14.22
46627,Critical,24,0.03,Regular Air,Eva Jacobs,Oklahoma,Central,Technology,1388.628,65.99,5.26,261.52
53476,,14,0.04,Regular Air,Steve Nguyen,Ohio,East,Office Supplies,481.4,35.44,5.09,150.72
53476,,24,0.08,Regular Air,Steve Nguyen,Ohio,East,Office Supplies,93.85,3.98,0.7,19.42
53476,,47,0.01,Regular Air,Steve Nguyen,Ohio,East,Office Supplies,85.87,1.76,0.7,3.13
53476,,42,0.01,Express Air,Steve Nguyen,Ohio,East,Office Supplies,8127.32,193.17,19.99,1141.07
59681,Critical,23,0.02,Express Air,Giulietta Dortch,California,West,Office Supplies,224.34,8.6,6.19,-11.95
8999,High,28,0,Regular Air,Julia Barnett,California,West,Office Supplies,1676.48,55.48,14.3,590.35
25347,Low,28,0.07,Regular Air,Theone Pippenger,Minnesota,Central,Office Supplies,967.27,35.44,7.5,309.31
29988,High,12,0.06,Delivery Truck,Adam Shillingsburg,Oregon,West,Technology,5177.4,449.99,49,287.5
42308,Medium,16,0.09,Regular Air,Sam Zeldin,Ohio,East,Furniture,79.98,4.86,7.1,-56.56
47872,Critical,38,0.09,Regular Air,Brad Thomas,California,West,Office Supplies,1756.27,46.89,5.1,649.05
47872,Critical,50,0.05,Regular Air,Brad Thomas,California,West,Furniture,345.58,6.64,4.95,-38.04
48096,High,3,0.02,Express Air,Denise Monton,North Carolina,South,Office Supplies,34.23,6.48,7.86,-9.5
48096,High,22,0.03,Regular Air,Denise Monton,North Carolina,South,Office Supplies,383.33,17.07,8.13,27.62
56582,Low,25,0.04,Regular Air,Harold Pawlan,Utah,West,Furniture,2612.89,105.29,10.12,490.99
56582,Low,47,0.07,Delivery Truck,Harold Pawlan,Utah,West,Furniture,1146.992,31.76,45.51,-1643.74
56582,Low,36,0.04,Delivery Truck,Harold Pawlan,Nebraska,Central,Furniture,4581.41,130.98,54.74,-904.73
355,Low,16,0,Regular Air,Henry MacAllister,Texas,Central,Technology,1239.6315,85.99,0.99,-172.55
37348,High,33,0.08,Regular Air,Maribeth Dona,Virginia,South,Office Supplies,551.67,17.15,4.96,25.44
39430,Low,29,0.03,Regular Air,Edward Becker,Texas,Central,Technology,877.97,30.98,6.5,-144.2
58339,High,9,0.07,Regular Air,Rick Hansen,Georgia,South,Office Supplies,1608.87,177.98,0.99,346.98
58339,High,11,0.01,Express Air,Rick Hansen,Georgia,South,Office Supplies,37.64,2.08,1.49,7.52
837,,11,0.01,Regular Air,Sean O'Donnell,North Dakota,Central,Office Supplies,65.7,5.84,0.83,13.41
28001,Critical,41,0.02,Regular Air,Dianna Arnett,Vermont,East,Furniture,8958.46,209.84,21.21,2593.14
28001,Critical,21,0.01,Regular Air,Dianna Arnett,New Hampshire,East,Furniture,4201.08,194.3,11.54,1162.76
53350,,24,0.08,Regular Air,Susan Pistek,Louisiana,South,Office Supplies,7046.61,315.98,19.99,2595.18
14528,Critical,14,0.09,Regular Air,Karl Brown,MA,East,Office Supplies,78.44,5.98,1.49,11.02
22242,,50,0.04,Regular Air,Noel Staavos,MA,East,Office Supplies,329.91,6.48,9.54,-279.93
28161,,10,0.02,Delivery Truck,Chuck Sachs,New Jersey,East,Furniture,784.08,70.98,46.74,-222.77
28161,,15,0.06,Delivery Truck,Chuck Sachs,New Hampshire,East,Furniture,5028.31,350.98,30,664.88
28161,,41,0.04,Regular Air,Chuck Sachs,New Jersey,East,Technology,1085.61,27.48,4,-33.32
